/*
 Navicat Premium Data Transfer

 Source Server         : 127.0.0.1
 Source Server Type    : MySQL
 Source Server Version : 50724
 Source Host           : 127.0.0.1:3306
 Source Schema         : ishare

 Target Server Type    : MySQL
 Target Server Version : 50724
 File Encoding         : 65001

 Date: 06/08/2019 16:41:53
*/

SET NAMES utf8mb4;
SET FOREIGN_KEY_CHECKS = 0;

-- ----------------------------
-- Table structure for act_evt_log
-- ----------------------------
DROP TABLE IF EXISTS `act_evt_log`;
CREATE TABLE `act_evt_log`  (
  `LOG_NR_` bigint(20) NOT NULL AUTO_INCREMENT,
  `TYPE_` varchar(64) CHARACTER SET utf8 COLLATE utf8_bin NULL DEFAULT NULL,
  `PROC_DEF_ID_` varchar(64) CHARACTER SET utf8 COLLATE utf8_bin NULL DEFAULT NULL,
  `PROC_INST_ID_` varchar(64) CHARACTER SET utf8 COLLATE utf8_bin NULL DEFAULT NULL,
  `EXECUTION_ID_` varchar(64) CHARACTER SET utf8 COLLATE utf8_bin NULL DEFAULT NULL,
  `TASK_ID_` varchar(64) CHARACTER SET utf8 COLLATE utf8_bin NULL DEFAULT NULL,
  `TIME_STAMP_` timestamp(3) NOT NULL DEFAULT CURRENT_TIMESTAMP(3) ON UPDATE CURRENT_TIMESTAMP(3),
  `USER_ID_` varchar(255) CHARACTER SET utf8 COLLATE utf8_bin NULL DEFAULT NULL,
  `DATA_` longblob NULL,
  `LOCK_OWNER_` varchar(255) CHARACTER SET utf8 COLLATE utf8_bin NULL DEFAULT NULL,
  `LOCK_TIME_` timestamp(3) NULL DEFAULT NULL,
  `IS_PROCESSED_` tinyint(4) NULL DEFAULT 0,
  PRIMARY KEY (`LOG_NR_`) USING BTREE
) ENGINE = InnoDB AUTO_INCREMENT = 1 CHARACTER SET = utf8 COLLATE = utf8_bin ROW_FORMAT = Dynamic;

-- ----------------------------
-- Table structure for act_ge_bytearray
-- ----------------------------
DROP TABLE IF EXISTS `act_ge_bytearray`;
CREATE TABLE `act_ge_bytearray`  (
  `ID_` varchar(64) CHARACTER SET utf8 COLLATE utf8_bin NOT NULL,
  `REV_` int(11) NULL DEFAULT NULL,
  `NAME_` varchar(255) CHARACTER SET utf8 COLLATE utf8_bin NULL DEFAULT NULL,
  `DEPLOYMENT_ID_` varchar(64) CHARACTER SET utf8 COLLATE utf8_bin NULL DEFAULT NULL,
  `BYTES_` longblob NULL,
  `GENERATED_` tinyint(4) NULL DEFAULT NULL,
  PRIMARY KEY (`ID_`) USING BTREE,
  INDEX `ACT_FK_BYTEARR_DEPL`(`DEPLOYMENT_ID_`) USING BTREE,
  CONSTRAINT `ACT_FK_BYTEARR_DEPL` FOREIGN KEY (`DEPLOYMENT_ID_`) REFERENCES `act_re_deployment` (`ID_`) ON DELETE RESTRICT ON UPDATE RESTRICT
) ENGINE = InnoDB CHARACTER SET = utf8 COLLATE = utf8_bin ROW_FORMAT = Dynamic;

-- ----------------------------
-- Records of act_ge_bytearray
-- ----------------------------
INSERT INTO `act_ge_bytearray` VALUES ('2', 4, 'source', NULL, 0x7B227265736F757263654964223A2231222C2270726F70657274696573223A7B2270726F636573735F6964223A2270726F63657373222C226E616D65223A22222C22646F63756D656E746174696F6E223A22222C2270726F636573735F617574686F72223A22222C2270726F636573735F76657273696F6E223A22222C2270726F636573735F6E616D657370616365223A22687474703A2F2F7777772E61637469766974692E6F72672F70726F63657373646566222C22657865637574696F6E6C697374656E657273223A22222C226576656E746C697374656E657273223A22222C227369676E616C646566696E6974696F6E73223A22222C226D657373616765646566696E6974696F6E73223A22227D2C227374656E63696C223A7B226964223A2242504D4E4469616772616D227D2C226368696C64536861706573223A5B7B227265736F757263654964223A227369642D36304531313141452D444338322D343530382D423731352D383435374145393443464241222C2270726F70657274696573223A7B226F766572726964656964223A22222C226E616D65223A22222C22646F63756D656E746174696F6E223A22222C22657865637574696F6E6C697374656E657273223A22222C22696E69746961746F72223A22222C22666F726D6B6579646566696E6974696F6E223A22222C22666F726D70726F70657274696573223A22227D2C227374656E63696C223A7B226964223A2253746172744E6F6E654576656E74227D2C226368696C64536861706573223A5B5D2C226F7574676F696E67223A5B7B227265736F757263654964223A227369642D36434645444333442D383532302D344338332D424244332D324542343430463232384634227D5D2C22626F756E6473223A7B226C6F7765725269676874223A7B2278223A37352C2279223A3133357D2C2275707065724C656674223A7B2278223A34352C2279223A3130357D7D2C22646F636B657273223A5B5D7D2C7B227265736F757263654964223A227369642D39373639424230422D343938362D344644322D413243342D323430333746424238413541222C2270726F70657274696573223A7B226F766572726964656964223A22222C226E616D65223A22E887AAE8AF84222C22646F63756D656E746174696F6E223A22222C226173796E6368726F6E6F7573646566696E6974696F6E223A2266616C7365222C226578636C7573697665646566696E6974696F6E223A2266616C7365222C22657865637574696F6E6C697374656E657273223A22222C226D756C7469696E7374616E63655F74797065223A224E6F6E65222C226D756C7469696E7374616E63655F63617264696E616C697479223A22222C226D756C7469696E7374616E63655F636F6C6C656374696F6E223A22222C226D756C7469696E7374616E63655F7661726961626C65223A22222C226D756C7469696E7374616E63655F636F6E646974696F6E223A22222C226973666F72636F6D70656E736174696F6E223A2266616C7365222C22757365727461736B61737369676E6D656E74223A22222C22666F726D6B6579646566696E6974696F6E223A22222C2264756564617465646566696E6974696F6E223A22222C227072696F72697479646566696E6974696F6E223A22222C22666F726D70726F70657274696573223A22222C227461736B6C697374656E657273223A22227D2C227374656E63696C223A7B226964223A22557365725461736B227D2C226368696C64536861706573223A5B5D2C226F7574676F696E67223A5B7B227265736F757263654964223A227369642D37413446333139302D373846312D343936312D383530392D313941373943354331393434227D5D2C22626F756E6473223A7B226C6F7765725269676874223A7B2278223A3331302C2279223A3136307D2C2275707065724C656674223A7B2278223A3231302C2279223A38307D7D2C22646F636B657273223A5B5D7D2C7B227265736F757263654964223A227369642D36434645444333442D383532302D344338332D424244332D324542343430463232384634222C2270726F70657274696573223A7B226F766572726964656964223A22222C226E616D65223A22222C22646F63756D656E746174696F6E223A22222C22636F6E646974696F6E73657175656E6365666C6F77223A22222C22657865637574696F6E6C697374656E657273223A22222C2264656661756C74666C6F77223A2266616C7365227D2C227374656E63696C223A7B226964223A2253657175656E6365466C6F77227D2C226368696C64536861706573223A5B5D2C226F7574676F696E67223A5B7B227265736F757263654964223A227369642D39373639424230422D343938362D344644322D413243342D323430333746424238413541227D5D2C22626F756E6473223A7B226C6F7765725269676874223A7B2278223A3230392E37383132352C2279223A3132307D2C2275707065724C656674223A7B2278223A37352E303632352C2279223A3132307D7D2C22646F636B657273223A5B7B2278223A31352C2279223A31357D2C7B2278223A35302C2279223A34307D5D2C22746172676574223A7B227265736F757263654964223A227369642D39373639424230422D343938362D344644322D413243342D323430333746424238413541227D7D2C7B227265736F757263654964223A227369642D32343441384433362D374237382D344445372D383742362D444336324239373843343339222C2270726F70657274696573223A7B226F766572726964656964223A22222C226E616D65223A22E983A8E997A8E7BB8FE79086E5AEA1E6A0B8222C22646F63756D656E746174696F6E223A22222C226173796E6368726F6E6F7573646566696E6974696F6E223A2266616C7365222C226578636C7573697665646566696E6974696F6E223A2266616C7365222C22657865637574696F6E6C697374656E657273223A22222C226D756C7469696E7374616E63655F74797065223A224E6F6E65222C226D756C7469696E7374616E63655F63617264696E616C697479223A22222C226D756C7469696E7374616E63655F636F6C6C656374696F6E223A22222C226D756C7469696E7374616E63655F7661726961626C65223A22222C226D756C7469696E7374616E63655F636F6E646974696F6E223A22222C226973666F72636F6D70656E736174696F6E223A2266616C7365222C22757365727461736B61737369676E6D656E74223A22222C22666F726D6B6579646566696E6974696F6E223A22222C2264756564617465646566696E6974696F6E223A22222C227072696F72697479646566696E6974696F6E223A22222C22666F726D70726F70657274696573223A22222C227461736B6C697374656E657273223A22227D2C227374656E63696C223A7B226964223A22557365725461736B227D2C226368696C64536861706573223A5B5D2C226F7574676F696E67223A5B7B227265736F757263654964223A227369642D38383838433446322D434141442D344131412D394230452D454145323732374633333641227D5D2C22626F756E6473223A7B226C6F7765725269676874223A7B2278223A3532302C2279223A3135357D2C2275707065724C656674223A7B2278223A3432302C2279223A37357D7D2C22646F636B657273223A5B5D7D2C7B227265736F757263654964223A227369642D37413446333139302D373846312D343936312D383530392D313941373943354331393434222C2270726F70657274696573223A7B226F766572726964656964223A22222C226E616D65223A22222C22646F63756D656E746174696F6E223A22222C22636F6E646974696F6E73657175656E6365666C6F77223A22222C22657865637574696F6E6C697374656E657273223A22222C2264656661756C74666C6F77223A2266616C7365227D2C227374656E63696C223A7B226964223A2253657175656E6365466C6F77227D2C226368696C64536861706573223A5B5D2C226F7574676F696E67223A5B7B227265736F757263654964223A227369642D32343441384433362D374237382D344445372D383742362D444336324239373843343339227D5D2C22626F756E6473223A7B226C6F7765725269676874223A7B2278223A3431392E37383132352C2279223A3132307D2C2275707065724C656674223A7B2278223A3331302E32313837352C2279223A3131357D7D2C22646F636B657273223A5B7B2278223A35302C2279223A34307D2C7B2278223A3336352C2279223A3132307D2C7B2278223A3336352C2279223A3131357D2C7B2278223A35302C2279223A34307D5D2C22746172676574223A7B227265736F757263654964223A227369642D32343441384433362D374237382D344445372D383742362D444336324239373843343339227D7D2C7B227265736F757263654964223A227369642D37313035304144302D393134422D343039302D384142372D423236434335463034423032222C2270726F70657274696573223A7B226F766572726964656964223A22222C226E616D65223A22E5B882E59CBAE983A8E5AEA1E6A0B8222C22646F63756D656E746174696F6E223A22222C226173796E6368726F6E6F7573646566696E6974696F6E223A2266616C7365222C226578636C7573697665646566696E6974696F6E223A2266616C7365222C22657865637574696F6E6C697374656E657273223A22222C226D756C7469696E7374616E63655F74797065223A224E6F6E65222C226D756C7469696E7374616E63655F63617264696E616C697479223A22222C226D756C7469696E7374616E63655F636F6C6C656374696F6E223A22222C226D756C7469696E7374616E63655F7661726961626C65223A22222C226D756C7469696E7374616E63655F636F6E646974696F6E223A22222C226973666F72636F6D70656E736174696F6E223A2266616C7365222C22757365727461736B61737369676E6D656E74223A22222C22666F726D6B6579646566696E6974696F6E223A22222C2264756564617465646566696E6974696F6E223A22222C227072696F72697479646566696E6974696F6E223A22222C22666F726D70726F70657274696573223A22222C227461736B6C697374656E657273223A22227D2C227374656E63696C223A7B226964223A22557365725461736B227D2C226368696C64536861706573223A5B5D2C226F7574676F696E67223A5B7B227265736F757263654964223A227369642D34393734364442352D433534362D344443422D413033462D384145414439373631463830227D5D2C22626F756E6473223A7B226C6F7765725269676874223A7B2278223A3733302C2279223A3135357D2C2275707065724C656674223A7B2278223A3633302C2279223A37357D7D2C22646F636B657273223A5B5D7D2C7B227265736F757263654964223A227369642D38383838433446322D434141442D344131412D394230452D454145323732374633333641222C2270726F70657274696573223A7B226F766572726964656964223A22222C226E616D65223A22222C22646F63756D656E746174696F6E223A22222C22636F6E646974696F6E73657175656E6365666C6F77223A22222C22657865637574696F6E6C697374656E657273223A22222C2264656661756C74666C6F77223A2266616C7365227D2C227374656E63696C223A7B226964223A2253657175656E6365466C6F77227D2C226368696C64536861706573223A5B5D2C226F7574676F696E67223A5B7B227265736F757263654964223A227369642D37313035304144302D393134422D343039302D384142372D423236434335463034423032227D5D2C22626F756E6473223A7B226C6F7765725269676874223A7B2278223A3632392E37383132352C2279223A3131357D2C2275707065724C656674223A7B2278223A3532302E32313837352C2279223A3131357D7D2C22646F636B657273223A5B7B2278223A35302C2279223A34307D2C7B2278223A35302C2279223A34307D5D2C22746172676574223A7B227265736F757263654964223A227369642D37313035304144302D393134422D343039302D384142372D423236434335463034423032227D7D2C7B227265736F757263654964223A227369642D36354432393344452D373336422D343634352D424334452D414246423235364337453834222C2270726F70657274696573223A7B226F766572726964656964223A22222C226E616D65223A22E5A48DE8AF84222C22646F63756D656E746174696F6E223A22222C226173796E6368726F6E6F7573646566696E6974696F6E223A2266616C7365222C226578636C7573697665646566696E6974696F6E223A2266616C7365222C22657865637574696F6E6C697374656E657273223A22222C226D756C7469696E7374616E63655F74797065223A224E6F6E65222C226D756C7469696E7374616E63655F63617264696E616C697479223A22222C226D756C7469696E7374616E63655F636F6C6C656374696F6E223A22222C226D756C7469696E7374616E63655F7661726961626C65223A22222C226D756C7469696E7374616E63655F636F6E646974696F6E223A22222C226973666F72636F6D70656E736174696F6E223A2266616C7365222C22757365727461736B61737369676E6D656E74223A22222C22666F726D6B6579646566696E6974696F6E223A22222C2264756564617465646566696E6974696F6E223A22222C227072696F72697479646566696E6974696F6E223A22222C22666F726D70726F70657274696573223A22222C227461736B6C697374656E657273223A22227D2C227374656E63696C223A7B226964223A22557365725461736B227D2C226368696C64536861706573223A5B5D2C226F7574676F696E67223A5B7B227265736F757263654964223A227369642D35433542433034312D443841412D344532362D413139462D423333333446433439393931227D5D2C22626F756E6473223A7B226C6F7765725269676874223A7B2278223A3934302C2279223A3135357D2C2275707065724C656674223A7B2278223A3834302C2279223A37357D7D2C22646F636B657273223A5B5D7D2C7B227265736F757263654964223A227369642D34393734364442352D433534362D344443422D413033462D384145414439373631463830222C2270726F70657274696573223A7B226F766572726964656964223A22222C226E616D65223A22222C22646F63756D656E746174696F6E223A22222C22636F6E646974696F6E73657175656E6365666C6F77223A22222C22657865637574696F6E6C697374656E657273223A22222C2264656661756C74666C6F77223A2266616C7365227D2C227374656E63696C223A7B226964223A2253657175656E6365466C6F77227D2C226368696C64536861706573223A5B5D2C226F7574676F696E67223A5B7B227265736F757263654964223A227369642D36354432393344452D373336422D343634352D424334452D414246423235364337453834227D5D2C22626F756E6473223A7B226C6F7765725269676874223A7B2278223A3833392E37383132352C2279223A3131357D2C2275707065724C656674223A7B2278223A3733302E32313837352C2279223A3131357D7D2C22646F636B657273223A5B7B2278223A35302C2279223A34307D2C7B2278223A35302C2279223A34307D5D2C22746172676574223A7B227265736F757263654964223A227369642D36354432393344452D373336422D343634352D424334452D414246423235364337453834227D7D2C7B227265736F757263654964223A227369642D35363634463244332D373436372D344439412D384346362D354239423032324334363235222C2270726F70657274696573223A7B226F766572726964656964223A22222C226E616D65223A22E5B882E59CBAE983A8E5AEA1E6A0B8222C22646F63756D656E746174696F6E223A22222C226173796E6368726F6E6F7573646566696E6974696F6E223A2266616C7365222C226578636C7573697665646566696E6974696F6E223A2266616C7365222C22657865637574696F6E6C697374656E657273223A22222C226D756C7469696E7374616E63655F74797065223A224E6F6E65222C226D756C7469696E7374616E63655F63617264696E616C697479223A22222C226D756C7469696E7374616E63655F636F6C6C656374696F6E223A22222C226D756C7469696E7374616E63655F7661726961626C65223A22222C226D756C7469696E7374616E63655F636F6E646974696F6E223A22222C226973666F72636F6D70656E736174696F6E223A2266616C7365222C22757365727461736B61737369676E6D656E74223A22222C22666F726D6B6579646566696E6974696F6E223A22222C2264756564617465646566696E6974696F6E223A22222C227072696F72697479646566696E6974696F6E223A22222C22666F726D70726F70657274696573223A22222C227461736B6C697374656E657273223A22227D2C227374656E63696C223A7B226964223A22557365725461736B227D2C226368696C64536861706573223A5B5D2C226F7574676F696E67223A5B7B227265736F757263654964223A227369642D35433243443932322D354634352D343744452D414532352D443843364430433644414134227D5D2C22626F756E6473223A7B226C6F7765725269676874223A7B2278223A313136352C2279223A3135357D2C2275707065724C656674223A7B2278223A313036352C2279223A37357D7D2C22646F636B657273223A5B5D7D2C7B227265736F757263654964223A227369642D35433542433034312D443841412D344532362D413139462D423333333446433439393931222C2270726F70657274696573223A7B226F766572726964656964223A22222C226E616D65223A22222C22646F63756D656E746174696F6E223A22222C22636F6E646974696F6E73657175656E6365666C6F77223A22222C22657865637574696F6E6C697374656E657273223A22222C2264656661756C74666C6F77223A2266616C7365227D2C227374656E63696C223A7B226964223A2253657175656E6365466C6F77227D2C226368696C64536861706573223A5B5D2C226F7574676F696E67223A5B7B227265736F757263654964223A227369642D35363634463244332D373436372D344439412D384346362D354239423032324334363235227D5D2C22626F756E6473223A7B226C6F7765725269676874223A7B2278223A313036342E37383132352C2279223A3131357D2C2275707065724C656674223A7B2278223A3934302E32313837352C2279223A3131357D7D2C22646F636B657273223A5B7B2278223A35302C2279223A34307D2C7B2278223A35302C2279223A34307D5D2C22746172676574223A7B227265736F757263654964223A227369642D35363634463244332D373436372D344439412D384346362D354239423032324334363235227D7D2C7B227265736F757263654964223A227369642D33463130353330462D323731412D343138302D413631362D324330344630373543384245222C2270726F70657274696573223A7B226F766572726964656964223A22222C226E616D65223A22E7BD91E4BFA1E983A8E5AEA1E6A0B8222C22646F63756D656E746174696F6E223A22222C226173796E6368726F6E6F7573646566696E6974696F6E223A2266616C7365222C226578636C7573697665646566696E6974696F6E223A2266616C7365222C22657865637574696F6E6C697374656E657273223A22222C226D756C7469696E7374616E63655F74797065223A224E6F6E65222C226D756C7469696E7374616E63655F63617264696E616C697479223A22222C226D756C7469696E7374616E63655F636F6C6C656374696F6E223A22222C226D756C7469696E7374616E63655F7661726961626C65223A22222C226D756C7469696E7374616E63655F636F6E646974696F6E223A22222C226973666F72636F6D70656E736174696F6E223A2266616C7365222C22757365727461736B61737369676E6D656E74223A22222C22666F726D6B6579646566696E6974696F6E223A22222C2264756564617465646566696E6974696F6E223A22222C227072696F72697479646566696E6974696F6E223A22222C22666F726D70726F70657274696573223A22222C227461736B6C697374656E657273223A22227D2C227374656E63696C223A7B226964223A22557365725461736B227D2C226368696C64536861706573223A5B5D2C226F7574676F696E67223A5B7B227265736F757263654964223A227369642D32373432303732322D463132352D343935352D383436332D464132413146424535363043227D5D2C22626F756E6473223A7B226C6F7765725269676874223A7B2278223A313137362E383333333333333333333333352C2279223A3338307D2C2275707065724C656674223A7B2278223A313037362E383333333333333333333333352C2279223A3330307D7D2C22646F636B657273223A5B5D7D2C7B227265736F757263654964223A227369642D35433243443932322D354634352D343744452D414532352D443843364430433644414134222C2270726F70657274696573223A7B226F766572726964656964223A22222C226E616D65223A22222C22646F63756D656E746174696F6E223A22222C22636F6E646974696F6E73657175656E6365666C6F77223A22222C22657865637574696F6E6C697374656E657273223A22222C2264656661756C74666C6F77223A2266616C7365227D2C227374656E63696C223A7B226964223A2253657175656E6365466C6F77227D2C226368696C64536861706573223A5B5D2C226F7574676F696E67223A5B7B227265736F757263654964223A227369642D33463130353330462D323731412D343138302D413631362D324330344630373543384245227D5D2C22626F756E6473223A7B226C6F7765725269676874223A7B2278223A313132362E383333333333333333333333352C2279223A3239392E34343932313837357D2C2275707065724C656674223A7B2278223A313131352C2279223A3135352E35353037383132357D7D2C22646F636B657273223A5B7B2278223A35302C2279223A34307D2C7B2278223A313131352C2279223A3232372E357D2C7B2278223A313132362E383333333333333333333333352C2279223A3232372E357D2C7B2278223A35302C2279223A34307D5D2C22746172676574223A7B227265736F757263654964223A227369642D33463130353330462D323731412D343138302D413631362D324330344630373543384245227D7D2C7B227265736F757263654964223A227369642D41423244354230432D413446332D343337352D393446442D343046394138383037453537222C2270726F70657274696573223A7B226F766572726964656964223A22222C226E616D65223A22222C22646F63756D656E746174696F6E223A22222C22657865637574696F6E6C697374656E657273223A22227D2C227374656E63696C223A7B226964223A22456E644E6F6E654576656E74227D2C226368696C64536861706573223A5B5D2C226F7574676F696E67223A5B5D2C22626F756E6473223A7B226C6F7765725269676874223A7B2278223A313134302E383333333333333333333333352C2279223A3538317D2C2275707065724C656674223A7B2278223A313131322E383333333333333333333333352C2279223A3535337D7D2C22646F636B657273223A5B5D7D2C7B227265736F757263654964223A227369642D32373432303732322D463132352D343935352D383436332D464132413146424535363043222C2270726F70657274696573223A7B226F766572726964656964223A22222C226E616D65223A22222C22646F63756D656E746174696F6E223A22222C22636F6E646974696F6E73657175656E6365666C6F77223A22222C22657865637574696F6E6C697374656E657273223A22222C2264656661756C74666C6F77223A2266616C7365227D2C227374656E63696C223A7B226964223A2253657175656E6365466C6F77227D2C226368696C64536861706573223A5B5D2C226F7574676F696E67223A5B7B227265736F757263654964223A227369642D41423244354230432D413446332D343337352D393446442D343046394138383037453537227D5D2C22626F756E6473223A7B226C6F7765725269676874223A7B2278223A313132362E383333333333333333333333352C2279223A3535322E36393932313837357D2C2275707065724C656674223A7B2278223A313132362E383333333333333333333333352C2279223A3338302E3031353632357D7D2C22646F636B657273223A5B7B2278223A35302C2279223A34307D2C7B2278223A31342C2279223A31347D5D2C22746172676574223A7B227265736F757263654964223A227369642D41423244354230432D413446332D343337352D393446442D343046394138383037453537227D7D5D2C22626F756E6473223A7B226C6F7765725269676874223A7B2278223A313237362E383333333333333333333333352C2279223A313035307D2C2275707065724C656674223A7B2278223A302C2279223A307D7D2C227374656E63696C736574223A7B2275726C223A227374656E63696C736574732F62706D6E322E302F62706D6E322E302E6A736F6E222C226E616D657370616365223A22687474703A2F2F62336D6E2E6F72672F7374656E63696C7365742F62706D6E322E3023227D2C227373657874656E73696F6E73223A5B5D7D, NULL);
INSERT INTO `act_ge_bytearray` VALUES ('3', 2, 'source-extra', NULL, 0x89504E470D0A1A0A0000000D49484452000004CB0000027708060000008AB5D696000000206348524D00007A26000080840000FA00000080E8000075300000EA6000003A98000017709CBA513C0000000467414D410000B18E7CFB5193000000017352474200AECE1CE900000006624B474400FF00FF00FFA0BDA793000000097048597300000EC400000EC401952B0E1B000020004944415478DAECDD099C5C559D37FC5BDD9D3D0448083B32884AD877701437645170FB3CE84B14041D1DD1477D46D457068719164110D171187950446509A41118405148889860E48308014C1030421620699210B2744867EB7AEFFF7A2A6F25744296DEAAFAFBFD7C2AD54BA5AAEBF4FDF73DF777CF3937CB000000000000000000000000000000000000000000000000000000000000000000000000000000000000000000000000000000000000000000000000000000000000000000000000000000000000000000000000000000000000000000000000000000000000000000000000000000000000000000000000000000000000000000000000000000000000000000000000000000000000000000000000000000000000000000000000000000000000000000000000000000000000000000000000000000000000000000000000000000000000000000000000000000000000000000000000000000000000000000000000000000000000000000000000000000000000000000000000000000000000000000000000000000000000000000000000000000000000000000000000000000000000000000000000000000000000000000000000000000000000000000000000000000000000000000000000000000000000000080A4A40900E8ADCAE5F2C01933667CA9B5B5F5F4575F7D759F65CB960D6C6F6FD7305BBBF32F95CA03060C78B97FFFFE0FAF5AB5EA8A638E39E6775A451DA18E5047EA0835A806B54A6A1B4D00406F9477883EBF60C182EFB5B5B50DDE79E79DB36DB7DD36DB669B6DB28686068DB395A273997736B3254B96642D2D2D2BD7AC59F3D4F2E5CB4F3FF1C413A7691D75843A421DA923D4A01AECEB6D232C03A0D7993D7BF69DCF3DF7DC87DFF0863764BBEEBA6B9CF5D2285D68CE9C39D9CC99339797CBE58F1F7BECB177691175843A421DA923D4A01AECCB6DD1687300A0B7758AF2DB87F7DD77DF6CE4C8913A45DD20CECE0E1F3EBCDFBC79F34E3EFDF4D3A7DE70C30D7FD52AEA0875A48ED4913A420DAAC1BEDA16C232007A8D18663F73E6CCAF45A768D8B061AFF9FE8AD697B296BFDC91B53C7557B660C6EFB2575F99910D18B263D6346098C6DB4AFDFBF78FCED180969696934E3BEDB45F8F1933669E565147A82375A48ED4116A500DF6C57668B22940D7B00865D7B008657DD7CC238F3CF2BD1866BFA14ED1F3537E96AD5EB96CEDD75E5DF86C36FBD19F666F38FC33D9C061BB69C4AD3464C890EC1FFEE11FDAF3BF5D57E69F1EAB45D411EA481DA92375841A54837DB10D8465D005E24C48FC81AF2C4219378B50768EF6F6F6526B6BEB0E4B962C39A9A5A5E5B8071E78C02294F553375F8A9A89F5283AB270D6EFD7E914ADDD26D6ACCC16CC9898ED7EF0691AB113ECBEFBEEC39F7FFEF937DF77DF7D6F3DFEF8E31FD222EA0875A48ED4913A420DAAC1BEF6FE1DB943278BB9F5B366CDBA7AC48811838F3CF2C82CCE88C4155B04659DF4472B6FC738C394FFF1CE8E38E288FE7BECB1C7C131CAECFEFBEFFFB0D6A96D310A3382E50DAD47B17CC98B1BFCBF718691CEB3E38E3BB6E477A7680975843A5247EA481DA106D5609F3CEEF4EB87CE53598472FFFDF7CF76DB6D378B50768338E374F0C1070F6A6868B871C284091FD022B52BA62B47B0BC21E535AB36FC9FCBA63877A61D76D821E62FBC5B4BA823D4913A5247EA0835A806FBE27B1796412789A9977159E37DF6D9678373EB5F78FCC6ECAFBFBB287BE6FE0BB2D9537E9EB56DE4AC089B2EE6D41F74D041DB944AA51BC78D1B778016A94DB1AE5F4C57A6E7E5BF875DF2BB43B4843A421DA923D4116A500DF6C5F72E2C834E108B502E58B0E07517A16C5DF04C3197BEDCBE7AED229402B3CE515984B2B1B1F14AAD519BE20218A62BF792CEC1DF7F0FD6355547A82375843A420DAAC13E5983B640E8045BBB08259D2316A16C6A6A2A16A1D41AF5A7DFA0ED37F8BDA601CE3E823A0275046A500DD2398465D0092C42D97B5808B67E0D7FC3DBB2A6FE435EF3F5C67E83B2E17B1EA381401D813A0235A881E814C232E80416A1EC3D2C045BBF868EDC371BB2C33E1D7E7D9B1DF7D740A08E401D811AD440740AF3BFA1135884B2F7488B508ED412F569CDAAE5AFF9DAEA154B350CA8235047A006350C9DC6C832E80416A1EC457FD42C045B97562E9B5F5C10A375FE53AFF9DEB297A767B31FF949F118401D813A0235085B7D5CA909A0EB598412B6DCE23953F24ED1B5D9ABAFCCD8E0635E5D342B9BF9F0D5D92BB31FCCCAA636833A0275046A500DB2158CBE806E108B50AE5C36EF3557C4B408256C589C157CE9AFBF29CE126E8AB8BA6C3C7EE9FCA7B21DDF725236B098910BEA481D813A0235089BC7C832E80616A184CD17670537B553542DCE36CEFAD38F3520A8235047A00635205B445806DDC42294B079E2ACE0962AB7AFD680A08E401D811AD4806C11D330A18BC5B0E196A77FD9E1DCFACA22943BEFFB91ACFF101770846AA38EBB5823803A0275046A5023D0ED8C2C832E64114A000000A82D46964117B00825000000D42623CBA00B5884120000006A93B00CBA804528010000A0369986095DC02294000000509B8C2C03000000804458060000000089B00C00000000126119000000002475BBC07FB95C1E3875EAD4331F7BECB14FCC9D3BF7903973E60C5EB26449535B5B5BD6D4D454DE669B6D560D1F3EFCC561C3863D983FFC5BE79C73CE33360700000080BEADEEC2B208C9FEE77FFEE79A8B2FBEF8E32FBFFC72D3BEFBEE9BBDFBDDEFCEF6D8638F6CF8F0E1D9C08103B3B6B6B6D2D2A54BFB3FFFFCF37B4D9B366DAF2953A67CE2ECB3CF9EBD6CD9B28BAFB9E69A6B6D16000000007D535D85650F3DF4D03F5D72C925FF77F1E2C503468F1E9D1D7CF0C1596363E36B1E178159DC468E1C991D76D861D919679C517AE28927F66C6E6EFED159679DF5B5850B177EF0D65B6FFD9BCD03000000A06FA98BB0AC5C2E37FDF297BF1C7FDD75D7BDE7E4934FCEDEFFFEF77718926D4C046BF9AD71DCB871A37EF18B5FFCF9739FFBDCFF31CA0C000000A06FA9F9B02C82B24993263D3861C28423BFFAD5AF666F7EF39BB7EAF94E3CF1C46CD4A851832EBBECB22B3FFBD9CF0EB8F6DA6BAFB29900BCBED1A3479F572A95A6CD9D3BF7EE891327AED622A08E401D811AD422D4A29ABF1A668C28BBFDF6DB8FFCF77FFFF7AD0ECA2AF6DC73CFECA28B2E1AD4D0D070D9C73FFEF1D36D26009BE45BE572F98E9D76DA6949DE49BA3DFFFBF9BE8F7DEC6343BBF307B8F7DE7BB3D5AB37AD4F367FFEFCE2F19BAAA5A5257BE491475EF3F578BD78AECDB572E5CA0D7EEFDA6BAFDDE8F7C3F5D75F9F4D9932659D9FE3473FFA91AD501D75B9D83E5FAFCEF2BE59367DFAF40EEB6E43F5B239F5AB5EA8F53ADA5A0F3CF040F69BDFFC6693F675AFE795575EB1C5605F665FC67A6A7A6459AC5116532F634459AC3FD699E2F9BEF9CD6F0EFD8FFFF88FFFCE8BFB91B163C73E6D7301787DA55269507EF7BFF24ED2FF6A6C6C6CCDFF86DE937FFEB30103064CCCFF66B775E56B4727E3EAABAFCEBEFCE52F672FBCF042F6E73FFF39DB6BAFBDB2214386145F3FFBECB3B31D77DC71EDDFF9DFFDEE774547E390430E293A1FFDFBF72FBEF7F0C30F67C71C734C76ECB1C7AE7DEE3163C614CF156B5DDE74D34DD9881123B2868686EC861B6E282E24F3B9CF7DAE78DCCB2FBF9C3DF1C413C5C7AFBEFA6AF1793C772C11101DAE3821B374E9D2ECF9E79FCFFEF55FFFB5785CFCACBBEFBEFBDAD78A9F3782B9B7BDED6D6BBFB6FE63DADBDB8BE75FBB436F6ACA162E5C1817B129D6E59C316346F1F3A28E3A5BBF7EFD8A0388534F3D75EDB63875EAD462498B8A09132664471F7D74B18DDE7FFFFDC5F619BEFDED6F47FF2A7BDFFBDEB7C5F5AB5EA8873ADA1AB13D5F7AE9A5D925975C92CD9E3D7B9DEF8D1F3F3EDB76DB6DB38F7DEC63C5E7ADADADC5FE2BEA27B6F3A8D5D8D7C5FEEF3DEF794FB18F7AF6D967B3FC98C706837D997D19556A362C8BAB5E7EEB5BDFBA3AD628EBAC1165EB8B039ABC7806DC7CF3CD3FCF3FFD479B0BC0661B9AFFBD8E1EFBC7F21DF98ABC937447FEF12D9D3D2C3FC2ADEDB7DF3EDB679F7D8A5B746EC24B2FBD54747222D85AB060C1DAA06CC99225D9AF7EF5ABB501577444AA3B2371F0507D762F3ECE7FE6ECEB5FFF7AF1DCF9FB283A287190B2C30E3BAC7D9E10AF356AD4A8ECEEBBEFCE4E39E5946C9B6DB689933B45872A9EF7ED6F7F7BF1B8EA516DCDCDCDD97EFBED57846F61DEBC79C5C14EE53193264D2A9E375EBFA3F73E68D0A06CF0E0C145472BFEEFAA55AB8A51077125E84AC70E75B4A5EEBCF3CEA2135E111DF5E5CB97AFDD3EA336FEF297BF141DF461C386AD7DDC76DB6D576C971FF8C0078ACFCF39E79C2CEFBB65EF7AD7BBB6AA7ED50BB558479DE9BFFEEBBFB20F7FF8C3452D568765B366CD2A02B0BDF7DE7BEDD7A22E9F7EFAEFE7FC070C1890FDE33FFE6371B2284EFAC47E290EC6E3001CECCBECCBA893B02CDFD87FBA74E9D2FEB1C658573AE9A49306FDFAD7BFDE2BA6638E1D3B768C4D06608B0DC83B49A3F3FBD13BEFBC739C5DBC3FFFF8EACE38BB78D4514765FFFDDFFF1D6B64141D952F7DE94BD97DF7DD97FDFCE73F2FBEFFE0830F66679E79E63AFF67F2E4C9D969A79DB649CF9FFF7CD979E79D574C55B9E69A6BB2430F3DB438E8882500F2FD44313AADBA63B2EBAEBB16672CE33171063FC2B6E8FCC4D9C5CAE8B50EF6376B3F8E8397E8EC1C78E081C5E7D1E9AA9C298C510279A7B2381B1A23DA0E3AE8A0E2FDC7D9CA784C84778F3FFE78F6E94F7FDA16A78E3AC5473EF291B567ADC3ADB7DE5A84C09533EA3115A5B2BD45873DC2E1183919070A7FF8C31F8AD12F71701167EFDFFAD6B7764AFDAA176AAD8E3A4BD4DF873EF4A162FF73FAE9EBAE1613A3629E7CF2C975C2B2F0E31FFF78EDBE296AB132AA39C4A8B338B103F665F665ACAB26C3B2185576F1C517FF3FB121C6C148573BEBACB3B6BFFCF2CBBF18FB139B4C7DB2082535B29DFE437EF7A93A793B7176F143F9FD87A2E392BFB7195BB2EE57B57DF7DD377BECB1C78A298E1168559F6D8FCE4E65987DA89CC5DB14D1598AA02B3A3EBFFFFDEFB31FFEF087D98A152BB2ABAEBA2AFBC10F7E509C91FFE217BF584CD98CD788CF233C8B337C71963286C447405619595699DA593DB22CCE1AC690FE98E2199E7AEAA9A2E3F3E28B2F663367CE2C46C27DE31BDFF87BC30D1D5A9CDDBCECB2CB8AD73AEEB8E3B23973E614FBC338808AE789B396D5C3F837579CF98CA9A3F9EFE50295D7B7EA6843FEE55FFE25FBB77FFBB7B5DB47BC5ED4D89A356B8ACE7974E2436C7BB11DDE73CF3DC5B619DBE1473FFAD1629BAD4C63097FFDEB5FB3CF7FFEF35B54BFBDAD5ED4913AEA2E71E22582ADD88735363616277DAAFDED6F7F2B0EB02BA28EE200FAB7BFFD6DF6B5AF7D2D7BC31BDE907DF0831F2C02B24A20103374BA6A968E3AC2BEACF6F765C2B21A3375EAD433F33FEE4DD5F389BBD241071DD47FC080017BC5816A7373F34C9B4D5D8A4528B39D76DA6979FE7BBEA7542AFD243FD89D7CEBADB7B6D6DB1BBDFCF2CBB3CF7CE633C5B0DE8EC4CEE9F5D6008CD135111CD0ED22283BBF4EDFDB5E31A47C4BCE6E47A765DAB469D95BDEF296B59DFF3888F8D39FFE54845321B6F72DDD6EE3EC610C958F8ED1273EF189A246A28355BDBE4B9CB58F0391E804C5414CAC19136BC0C4D4CE18BEBF2923CBE2F1B1FE4588902D3A42D1398A83A1985A532D2E3610EF73F8F0E1C5DA17F1F7EBF0C30F8F8BDE14EFF38C33CE283A59D5D30836478482D1D9ABE3ED2D53479B2702E038D00ED1998FB3F195CFE34CF88644E7FD7BDFFB5E76D75D77157519B51267DEAFBCF2CA62FA721CA86C49FDF6A67A5147EAA8BB54EF3FE2E07E43B55A11351AB7A8BFB88FD129B14667DEDF2D46CA2C5BB62C8B593AB13F8B1061437DC39EA48ED4A07D59CFEECBFAB29A0CCBF23F989F88A02C36C0EE72E08107B6FCF18F7FFC68FEE115369BFA55AF0BC156870AF18778639D210BC1D68C0B7BE1CFB4291DD9727E8BC5511AD7ABBDE78E38E288376EC98BC67A0D311C3DB6DBCABA63114C9D75D65945A72144E72382E2CA19BACD1567E6A30EA28313C157AC0F1157218B8F63387FD44775A72ECEFE45A8F6CE77BEB3E8F42C5AB4689D9165D1398B0ECFFA1DB8CA68B3E870C56BC573C7C7BBECB2CB3A8F8D7537A273166BA3C510FE985A13AF77C5155764DFFDEE778BB38C5FF9CA57D6B940C1E678C73BDE5174D2F2FDED854AAD6FD4515789ED3AD6808D91217141A6FFFCCFFF2CF6415103112C6F69FDF6A67A5147EAA827C4361BA34C629980CA68E9D827C57E6763FBB218F91207DB313A250EAA63A47404655193BD913A5283F6653DBB2FEBCB6A322CCB0FF60F89B9BADDE9E8A38FDEEE8F7FFC63ACE2272CEB3BEA6621D8F8C31C674B6248F07BDFFBDEB57F94636E7C9CB18BCB10575808B63682B2E6E6E60B7ADB0F357AF4E80D768CF25A5A93777EA233548A4E51FEF9A2FCF309F9EDA67C3BBB37C2E87FFAA77F2A6FCDEB47B0FBD9CF7EB6F838D6A1587F84E433CF3C536CBB9B330533C4FF898E4D7472E2EA6295B524C2273FF9C9ECC61B6FECF06A4895FF1B57368AFF1B073195E99931143F82B3EA8B0AC49A6795E7A93EBB18B7EAB38BF19CD141AA9CA98C8F2378BBE5965BB2EF7CE73BC5C153FC5C5BD3598AB3AD312DE09C73CEB940B9F5AD3AEA4C3122F380030E28CE909F7BEEB9D9CF7EF6B362DB0CEBD7E1E6D66F6FAA1775A48E7A42ACA3140B8CC789D0D8EEE3E0FADA6BAF2D468E5546CAAC2F0EE6E3E03AD6348B3E5E6F1C49A68ED4A07D59EFDA9709CB6ACC9C39730647B2DB9DDEF8C6370ECEEF0EB1C9F45935BB106C88B9EF3187FD98638E59E7EBF1473FFEA8AFCF42B07486BC6656E41D9F01F171EA14C5B4E6486A6F193468D084BC761675D66B6D2C008B8037A69BC488C82D7DEE988219F71176C5D589D6BF0252B5CA94CBA8AFF83F71E5CC08CCE28026D6B688B386D1098AE999D5E26C7F476717638467F51A34310534CE1E56168C8D8E575C69292E511EEBA84567EB539FFA940D501D75B9D836E36A5CD5F5176BAE5C78E185C541796C877155D8588438AEF0F5E8A38F168B11C708E6380BBF35F5AB5EA8973ADA125157279F7C7216336D62ADA2382E8AFD541CD457D756B508C96271F0EAF595400DDA97B1613519962D59B2A469FD838CAEB66AD5AA917991AFB6B824590D2D045B2DFEB0C7417CB5F583320BC1F67A35B55E47EA144567E8B6FCF6EB7CE77F775786CB7106AED2E1880E44458CDE8AEFC501C5EB8D2A8BF520A2B3127510A330C3F4E9D38B33763BEFBC7331D27243A3C8A29E62D4598CE08C50EC273FF9C9DAD7AB2CB81A3FD7DBDFFEF6E26CFEFAF5577D69F0EAB38BEBAB5C723CA6CEC49A35D1998A03A518411A81785C6C2042EE08F4AAAFB2446DEAEE3ADA908EFA5D71C6FC0B5FF84231E2B27AFB3CFFFCF38B0380D837C6761CDB739C84B9E8A28B8AC78C1B37AE5867656BEA57BD508B75D449C741C57E240EAAE3003CD62A8AFDD691471E59AC41D6515816277AA28662EA58C586D63C03FB32FB32FEAE26C3B2EA4BBE7697B81A5A5EE44D99C52579AD5EBB106CB518961F07FAD562DDBFE79E7B6EEDE71682A533C470FAFC6E62DE19B83E8DBEECF2B385313C3D6AB01264AD1F8AC5D9B86AD1D9886928EB8B406CF1E2C5C582ACD1490A110E9F77DE796B2FDF1D0BA9C6B0F9788D78CD4AA728EA236A253A3495CE4F0C978FB5CD2AC3F0636D8B78EE10AF1367283B9A2E135335634468F559C5F5C559C7A8CF988A13074BB14E4565F1E74B2FBDB4E834E930A9A3CE120B1B571F7847CD45873EA621578BFD4265DF106BFBC595C562BBBCE4924B8A13363185256A26B6DB2DAD5FF542ADD651678803F0E877C63E276A2C6A2BB6E518691207E2717274FFFDF72F3EAE2C241EEB7EADDF4FB5A406F665F6656C5C4D866579A195DBDADA4ADD19981D75D4510B6EBBEDB6ED4AA5D225369BBA54F70BC14630B6FE55F85EEF22191682EDB5AEEBA53FD7BFE7F53033FFDB7C5B779F2D8CFD4165FD8870C2092714F7F1B508B6D6171DA0EAB379D5A29352B97478452528DB94CECEFAAF53FD736DAA184ABFA1AB66567CEB5BDFDAE063A283168BBD52937AAC8E36559C7DEFA8AE3AAACBEA4E7B6CAFD1998F838DEA8388CDAD5FF5423DD4D1968AD1241D8DF08F7D57F5C8B16A953594AADD7CF3CDB612ECCBECCBD8889A0CCBF203F6558B162DEA1F2300BA4BBF7EFD16E605DFD61B17D566EBF58585606374648C14AB16C3F637C642B06C8EFCEFE3C5BD6E27D75493BBB9D7ED2C6DEA6350473D59571B9AF6BCA917D9D8D4D7512FD4621D75E5FE616BEA13ECCBECCB48BFBB5AFCA1B7DB6EBBD9B366CD7A5377866553A74E8DD5F84CEEEF23EA6D21D8F0D6B7BEF5350BFCC7B0E3B82A5F472C040B0000405F54AB23CB264D9B36ED4D471F7D74B7BDE6830F3E18238726D964FA867A5A08B62216835C7F81FF0D2DEE6A2158000000FAAA9A0CCB162F5E7CE9AC59B33E9D1FBC37BCDE9A4B9DA46DFAF4E9A3F2FB2FDA64EA5B3D2E045B1197405EBF5E621A664743882D040B0000405F559361D9C5175FFCEC57BFFAD5194F3CF1C4DEB13651571B3F7EFCEDEDEDED7B363737CFB4C9D4ADBA5D0836C4955F3A9A2F7FD451477538F7DD42B0000000F4554DB5FA832F5EBCF8DCFCE0FDE6830F3EB8A98B47972DBAFEFAEBF72B954ADFB7B9D4AF7A5E08B628F40D2C2CB9398B445A0816000080BEA0668F7E7FFAD39FDEDADADAFAD43DF7DCD3A5AF73C51557C4A8B26573E7CE6DB6B900000000D4B79A1E2AB278F1E20FDD71C71DCBA74F9FDE25CF3F75EAD45F3EFAE8A327974AA57F9E3871E26A9B0B000000407DABE9B02CD6105BB972E53F7FEF7BDF7B75FEFCF99DFADC2FBEF8E21F2EBBECB2434AA5D2FF3B76ECD8A76D2A00000000F5AFE617211A3366CC4DADADAD5F3EEFBCF35A3B6B84598C28FBC637BEB1C79A356BAE1E3B76EC189B0900000040DF50172B76DF74D34D3F5BBC78F13F5F74D1454BEEBAEBAE656BD6ACD9D2A75AF4FDEF7FFFBA6F7FFBDB47B5B7B79F7FCB2DB75C661301000000E83B9AEAE58DDC72CB2DCDA3478F7EE817BFF8C54FEFB9E79EFDCF3AEBAC61871E7AE8A04DFCEF6DF7DD77DF9D37DC70C39B56AF5EFDA652A9F41E532F01000000FA9EA67A7A33B186597EF7DED1A3477FF48A2BAEF842FFFEFD0F1C356AD4FC638E3966E85E7BEDD57FF8F0E13B0F1C38305BBE7CF94B8B162D5AFC97BFFC65FAE4C9931BA74F9FBECF9A356B76CFFFEF552D2D2D632CE60F000000D03735D5E39B6A6E6EBE2DBFBBEDB4D34EDBFD89279EF8E8E38F3FFEF6FCF323F25B5B7E1B98DFB6CD6FABF25B39BFFD36BF7D21056D00000000F4614DF5FCE66EBAE9A617F2BB1FA41B000000006C5483260000000080BF13960100000040222C03000000804458060000000089B00C000000001261190000000024C23200000000488465000000009008CB0000000020119601D03B76480D0DE5F6F6760DD10BE4BF8759F9DD6A2DA18E5047EA0875841A54837D723BF4EB07A037183870E0BCA54B976A885EE095575E9996DF3DAE25D411EA481DA18E50836AB02FBE77611900BD42BF7EFD262F5EBC5843F4022D2D2D4BF2BB895A421DA18ED411EA0835A806FBE27B179601D02BB4B5B55D3E77EEDC55E5725963F4AC990B172E3C38BFBF5D53A823D4913A421DA106D5605F7CF3C232007A8577BEF39D0FE79DA23FCF99334763F4A069D3A6DD97FF1EE61C7FFCF10F690D75843A5247A823D4A01AEC8BEF5F58069D514816A1EC352C045BDBDADADA4E9F3973E6AB4B962CD1183D60D1A245772D5CB8F083791D9DAD35D411EA481DA92375841A54837DF618DF66005BCF2294BD8785606BDB89279EF874BE53FEF0934F3EB958E7A8FB3B4553A74E3DB0542AFD73FE7B98A645D411EA481DA92375841A54837DB51D1A6D0AB0F53EFFF9CFBF35FF63B2DFB6DB6EAB317AD88C19331E5DBE7CF9D41B6FBCF13EAD519B6EB8E186E74E3FFDF4475E7AE9A58FE475B56CD8B06183F27B0DD375664E9B36EDD69933671E9BB7F3FF3EEEB8E3EED624EA0875843A5247A84135D8971B4358069DE0939FFCE4CCD6D6D64FEDB6DB6E8DFE80F7EC1FF8679E7966447E7FD98D37DEF882E6A8EDCED169A79D76E7E2C58B0F9E3367CEB0B6B6B6BF36343494060C1830548D6DBD98AEBC70E1C23F44B81C35B37CF9F2A6FC6BA79D70C20993B58E3A421DA18ED4116A70EB2C58B0201B376E5C3672E4C86CF0E0C16AB006F90B0F9D64D2A4498FECB1C71E87EFB6DB6E1AA3874C9B36ED27F91FFBBD8ECF698DFA317EFCF843F2CED029F987EFCE6F47E4B7815A65ABC5BA7E315D79627EBBDDE2C9EA0875843A5247A8C1CE3365CA94ECB1C71ECB0E3DF4D0ECB0C30E5383354858069D64DCB871A3FAF5EBF7E881071E3878D8B0611AA49BC5DCFA3FFFF9CF47B7B7B71F6F7D0B0000A0A78C1E3DFA82FCEEFCFC76617373F3055AA4F658E01F3A8945287B8E4528010000E82CC232E844C71D77DC84D5AB577FF489279E58327BF6EC85E57259A374AD5884F22731A22CFFF85F2C040B0000C0D6B2C03F74320BC1762D8B50020000BDD901071CF0EEECEF6BAB4D9A366DDA442D527B9A340174BE98921977B108E5DCB9734FC96FF18772BBCC42B09D21AEA0303FBF3D95DFAEB408250000009D4958065DE884134E882B8B3CAE25000000A03658B30C000000001261190000000024C23200000000488465000000009008CB000000002011960100000040222C03000000804458060000000089B00C000000001261190000000024C23200000000488465000000009008CB000000002011960100000040222C03000000804458060000000089B00C000000001261190000000024C23200000000488465000000009008CB000000002011960100000040222C03000000804458060000000089B00C000000001261190000000024C23200000000488465000000009008CB000000002011960100000040222C03000000804458060000000089B00C000000001261190000000024C23200000000488465000000009008CB000000002011960100000040222C03000000804458060000000089B00C000000001261190000000024C23200000000488465000000009008CB000000002011960100000040222C03000000804458060000000089B00C000000001261190000000024C23200000000488465000000009008CB000000002011960100000040222C03000000804458060000000089B00C000000001261190000000024C23200000000488465000000009008CB000000002011960100000040222C03000000804458060000000049932600000000E874E78F1E3D7A531F7B5D7373F34C4DD63B08CB0243E60900001BA04944415400000000BAC6F99BF1D80B3457EF202C03000000E83CD76DC663CFD75CBD8FB00C000000A093A4E994176CCA63D3344D81592F63817F00000000488465000000009008CB000000002011960100000040222C03000000804458060000000089B00C000000001261190000000024C23200000000488465000000009008CB000000002011960100000040222C03000000804458060000000089B00C000000001261190000000024C23200000000488465000000009008CB000000002011960100000040222C03000000804458060000000089B00C000000001261190000000024C23200000000488465000000009008CB000000002011960100000040222C03000000804458060000000089B00C000000001261190000000024C23200000000488465000000009008CB000000002011960100000040222C03000000804458060000000089B00C000000001261190000000024C23200000000488465000000009008CB000000002011960100000040222C03000000804458060000000089B00C000000001261190000000024C23200000000488465000000009008CB000000002011960100000040222C0300000080445806000000004949130000000074AD534F3DF55F4BA5D2A59BF15F2E6C6E6EBE40CB753F23CB00000000BA584343C3E39BF3F852A9F437ADD643BF2B4D00000000D0B5C68E1D7B6F7EB760531E5B2E975B070C18709B56EB19C232000000806E502E97EFAC7CF83A0FFDDD75D75DD7A6C57A86B00C000000A01B94CBE55BD2876B5EE7A1D768AD9E232C03000000E80683070F9E9CDFB5E4B7A68D3C6CF9A04183266BAD9E232C03000000E806696A65AC5D16A3CC3A9C8A592A956ECD1FB7486BF51C611900000040F7B93EFE29954AED1D7DB35C2EFF4A13F52C61190000004037696969995C2E9763E4586307DF5E3E70E0C0BBB552CF1296010000007493891327AE2E954A63D2A7EB4CC52C97CBBF7115CC9E272C03000000E846E572795CE5C3EAAF974AA566ADD3F3846500000000DDE8A5975E8A45FE5FC8AA729972B9DC3A70E0C0095AA7E709CB00000000BA514CC5CCEFD60FC6C6B90A66EF202C03000000E87ED7577FD2D0D0304693F40EC232000000806E3670E0C087AA3F1F3060C0BD5AA57710960100000074B374D5CBA7D3A7335D05B3F7286902000000A05EFCF18F7F7C476363E3392B56AC38B2ADAD6D647B7B7BAFCD3E162C58903DFCF0C3D9E1871F9EEDB4D34EBDB64D4BA5523678F0E015F9EDAF43870E1DB3F7DE7B7F3FFFDAEA7ADD86846500000040CD1B376EDCA8C18307DF5A2E97F7DD65975D1AB7DD76DB6C9B6DB689B5C034CE566A6F6FCF5A5B5BB3254B96C4953CB3C6C6C6A523468CF8D29BDEF4A61BEAF1FD0ACB000000809A3669D2A493DADBDB6FDF73CF3D07EEBAEBAEC54828BACE9C3973B259B366657BECB1C7D8BDF7DEFB13F5F6FE1AFD8A010000805A3561C284E39A9A9AEED87FFFFD078D1C395250D60D62C4DEF0E1C3B3E79E7BEEC0F3CE3BEF4D575E79E51DF5F4FE8465000000404D8AA9974D4D4DBFDD7FFFFD870C1B36ACC3C7B4CE7F2A6B79EACEFC7657B670D6EFB3B6A573B2814377CE1AFB0FD1805BA17FFFFED976DB6D974D9F3EFDA073CF3DF7E91FFEF0874FD6CB7B337117000000A8494D4D4DFF37A65E6E28285B3C674AF6E29FC766AF2E9A9595CBED59FB9A95D9D2794F66B31EFD69B67AC5120DB895860C1992E5ED9F2D5AB4E8C7E572B9A95EDE97B00C000000A839E3C78F3FA4B1B1F190DD76DB6D8321CDFC67271421D9FAD6AC6CCD5E9E355923768258236ECD9A35DB3EFDF4D39FA997F7242C030000006A4EA9543A65E79D776EDBD01A6511886D6CF4D88AD697346227D969A79DB2E5CB979F512FEF475806000000D49C52A974ECF6DB6F3F6243DF6F6F5FBDF127E860C4195B26A6C12E5FBEFCC07A793FC232000000A0E694CBE5C3870D1BD65F4BF4BCA14387465836B45EDE8FB00C000000A845031A1AC41ABD41FC1ECAE572A96EDE8F5F29000000506F9A060CCB4AA5868D7C7F1B8D4487846500000040DD89A06CC45EEFEE30306BEC3F34DB6EB72335121D129601000000756987371E5B8C305BDFF6BB1F950DDE7E2F0D44878465000000405D6A5FB3322B7770D5CB352B5B350E1BD4A409000000807AF3EA2B33B2979EB93B5BBD62C96BBEF7CA0B0F67AB562CCD76D9F7C3C5944CA8262C03000000EA468C247B79C6C4E2D6D1A8B28AD6F94F653316CFCE46BEF9FDD9B6BB1CA2E1584B5806000000D485E58B9F2F4693B52D7971931EBF7AE5B26CEE93B715C1D98E6F797FD66FE0761A116B9601000000B52FD6219BFDE84F373928ABB674DE93D9F38F5DAF112908CB000000809AD7DEBE3A2BE7B72D555EB34A2352300D13000000A879318572D471176B08B69A9165000000009008CB000000002011960100000040222C03000000804458060000000089B00C000000001261190000000024C23200000000488465000000009008CB000000002011960100000040222C03000000804458060000000089B00C0000000012611900000040D2D2D2B2D1EFB7B5B5652FBCF0C26BBE7ED5555715DF0B0F3DF450F6ECB3CF6EF479EEBDF7DE6CF5EAD59BFDF35D7BEDB5D9CA952B37FA98EBAFBF3E9B3265CADACFE3757EF4A31FF9E56E2261190000004072E185176677DE796711667574FBC10F7E90FDEC673F5BE7FFBCFCF2CBD9238F3C920D1C38B0F8FCA8A38ECA3EFDE94FAFFDFE9C39735EF33A11785D7DF5D5C5C711BEFDE637BFC99E7AEAA96CF6ECD9D9B9E79E9BCD9B376FEDF7AA0D1932A478AD6AEB3FA6BDBD3D7BF5D557D77EDED4D4942D5CB8706D983763C60CBFE88D68D204000000007FD7D0D0901D77DC71D9D0A1438B502AC2A97DF7DDB7F85E8CD88A206CD6AC59EBFC9F9B6FBE39FBC637BE91FDF297BFCCDEFCE63717FFE7B2CB2E2B82AFA54B9766D3A64DCB4E3DF5D4E2B10F3FFC70B6FDF6DB67FBECB34F719B306142F1F5975E7A293BFAE8A3B3112346640B162CC876DC71C7E2EBCDCDCDD97EFBED57FC5C2142B46DB7DDB608EEC2A449938AFFF3F5AF7FFD35EF255E6BD0A041D9E0C1838B9F29FEEFAA55ABB2071E7820DB638F3D8A108D0EB6014D00000000F07711204570F5E0830F66B7DC724B314AEBFEFBEF2F4682FDFAD7BFEEF0FFDC7DF7DDD9CE3BEF9C7DE0031FC8F6DE7BEFE2E3238E38A2B88FA0ECE4934F5EFBD808DB22E81A3E7C78F1D8EF7CE73B45385711AF7BE69967AEF3FC279D7452F6BEF7BDAFB845E8154157E5F3CF7DEE736B83B2D6D6D6E267B9FDF6DB8BA9A08B162DCA0E3CF0C06CFCF8F1D95E7BED95EDB0C30EC57B8B516F82B28D6C039A00000000E0FFB7D34E3B15A3B2622AE3FEFBEF5F8CEAFAC217BE508452114855BBE9A69BB265CB9615A3C5626DB008D662545AC56EBBED962D59B2649DAFC548B5C71E7BAC187576CD35D71423D02A9E7FFEF9B5A3D042BCE6B7BFFDEDECB0C30E2B3E8FA99A117ABDF8E28BD9CC99338BE78E516D215E2302BB18D516215F84703105B45FBF7ED9873EF4A1E27962C4DADBDEF636BFE48D109601000000AC27A6363EF3CC33C53A5F116EC53A5F1140557BE595578A2991319DB2F2798C40AB0ED47EFBDBDF66679C7146B6EBAEBB16E15B8C347BCB5BDE527C2FA645363636667FFAD39F8A75CF2AAF1BCF13E15B455C2CE09BDFFC66F1F1DCB973D74E139D3C79F26BA684C6050AE27963E4DAD9679F9D95CBE5ECF0C30F2FA688C6F3C6CF1201DBB061C3FC9237405806000000B09EB89AE497BEF4A5EC8E3BEE28A64B5E70C10545605509AD42846731922B1E13468E1C598CE0AA76ECB1C766FDFBF72F3E8EB5C30E3AE8A06CCC9831D9EEBBEF5E7C2DA6649E75D6594580152208BBFCF2CBD78E160B3162ADB24659846D11A4C5C504E2E35D76D9659DD78B8B13C4D4CC51A34615D33723A49B3F7F7E76C5155764DFFDEE778B9FEF2B5FF94AF173D1316119000000401223B16224D729A79C52ACF3F5F8E38F1723CC4E3BEDB4EC98638E29A63EC668B010A3C0D6377AF4E8EC539FFAD4DACFAFBBEEBAE20A9B95D16761EAD4A9D9673FFBD9E2E35B6FBDB508D9AAC5EB45105759D43FD6178BF5C942F5C8B2B8558F2C8BFF13E15865945A7C1CA3CC62EDB5581B2DA6677EF2939F1494BD0E61190000004012578B8C35CB6271FE1081532CD61F6274D9C489135F33F5B15A2CC05F09B6C23DF7DC53846E159500AC232FBCF042F6873FFCA108EBAAC534D08E4696C5D4D0EA102EAEA21923C77EFEF39F179F47E8160BFA7FF9CB5FCEAEBAEAAA2268AB0EF2E898B00C000000A04AF562FC119655C4A2FF313DB3A311651511785582ADD051B0165FAB3C26C2AC8A989A19DF8B85F8AB43B5CAD52E43F5C8B2F5C5E2FD61C58A15D99A356B8A206DCF3DF72CA675C6A8B82F7EF18BD939E79C93BDEB5DEF2AA668D231611900000040B2DF7EFB15D31E3B72C0010714A3B6628AE686BCE73DEF596764D9F4E9D3D7F97E4C958CFF5F79CCFA23CDD65FF36C7D31F22DAE84593DA26C7D31E2EC90430EC9264C98502CEA1F6B9455D64DBBF4D24B8BC04C58B661254D00000000D49AFBEEBBAFFCCE77BEB357FC2C71C5CC9816B9356211FF0D8574D5E26A9B95E06B6B1ED3D91E78E081ECF8E38FAF8B9CA94179010000006CB9AD0DCAC2A60465615342B0EE0ECAEA8DB00C000000001261190000000024C23200000000488465000000009008CB000000002011960100000040222C03000000804458060000000089B00C000000001261190000000024C23200000000488465000000009008CB000000002011960100000040222C03000000804458060000000089B00C000000001261190000000024C23200000000488465000000009008CB000000002011960100000040222C0300000080445806000000D4A2B6F6F6F636CDD0F3F2DF43562A95CAF5F27E8465000000402D7A64D1A2452F68869ED7DADA9AF5EFDF7F6EBDBC1F6119000000508B26CE9D3BF759CDD0F3962C59923535354DAA97F7232C030000006A4EB95CBE7DE1C285FBE5F7A662F6B0B973E7BEDAD6D67655BDBC1F611900000050734E38E184C7CBE5F293D3A74F7F406BF49C3973E664AB57AF9E76ECB1C7FEA15EDE93B00C000000A849EDEDED67B7B4B41CF4CA2BAF3CA135BADFB265CBB2193366B4AE58B1E233F5F4BE1AFD6A010000805A3466CC9805679E79E613F3E6CD3B659B6DB6993A68D0A03DB54AF788A06CEAD4A9AF94CBE5338F3FFEF8DFD7D37B13960100000035EB861B6E78EE8C33CEF8CBBC79F3BEB07CF9F25F8FC8954AA5A15AA6EBCC9E3DFB85A79F7E7A757B7BFB99EF7DEF7B7F556FEFAFE4570C000000D4BA71E3C68D6A6868F8CF52A9B4DFF6DB6F3F65A79D761A3262C488FDF2AFEDD65B7FE6050B1664BFFFFDEFB377BCE31DD90E3BECD06BDBB6BDBD3D5BBA74E90BF3E7CF7F31BFEDB26AD5AAE9F9D7BE72E289274EABC76D495806000000D48DF1E3C71F522A954EC93F7C777E3B22BF0DECAD3FEB942953B2C71E7B2C3BF4D043B3C30E3BAC3737EBEAFCF6787E9B98DF6E3FFEF8E31FAAE76D485806000000D003468F1E7D417E777E7EBBB0B9B9F9022DD23BB81A260000000024C23200000000488465000000009008CB000000002011960100000040222C03000000804458060000000089B00C000000001261190000000024C23200000000488465000000009008CB000000002011960100000040222C03000000804458060000000089B00C000000001261190000000024C23200000000488465000000009008CB000000002011960100000040222C03000000804458060000000089B00C000000001261190000000024C23200000000488465000000009008CB000000002011960100000040222C03000000804458060000000089B00C000000001261190000000024C23200000000488465000000009008CB000000002011960100000040222C03000000804458060000000089B00C000000001261190000000024C23200000000488465000000009008CB000000002011960100000040222C03000000804458060000000089B00C000000001261190000000024C23200000000488465000000009008CB000000002011960100000040222C03000000804458060000000089B00C000000001261190000000024C23200000000488465000000009008CB000000002011960100000040222C03000000804458060000000089B00C000000001261190000000024C23200000000488465000000009008CB000000002011960100000040222C03000000804458060000000089B00C000000001261190000000024C23200000000488465000000009008CB000000002011960100000040222C03000000804458060000000089B00C000000001261190000000024C23200000000488465000000009008CB000000002011960100000040222C03000000804458060000000089B00C000000001261190000000024C23200000000488465000000009008CB000000002011960100000040222C03000000804458060000000089B00C000000001261190000000024C23200000000488465000000009008CB000000002011960100000040222C03000000804458060000000089B00C000000001261190000000024C23200000000488465000000009008CB000000002011960100000040222C03000000804458060000000089B00C000000001261190000000024C23200000000488465000000009008CB000000002011960100000040222C03000000804458060000000089B00C000000001261190000000024C23200000000488465000000009008CB000000002011960100000040222C03000000804458060000000089B00C000000001261190000000024C23200000000488465000000009008CB000000002011960100000040222C03000000804458060000000089B00C000000001261190000000024C23200000000488465000000009008CB000000002011960100000040222C03000000804458060000000089B00C000000001261190000000024C23200000000488465000000009008CB000000002011960100000040222C03000000804458060000000089B00C000000001261190000000024C23200000000488465000000009094340100000040D73AF5D453FFB5542A5DBA19FFE5C2E6E6E60BB45CF733B20C000000A08B3534343CBE398F2F954A7FD36A3DF4BBD204000000005D6BECD8B1F7E6770B36F1E1CB060C18709B56EB19C232000000806E502E97EFDCC4874EBCEEBAEBDAB458CF109601000000748372B97C4BFA70CDEB3CEE475AABE708CB00000000BAC1E0C18327E7772DF9AD71230F6B1B3468D064ADD573846500000000DD204DADBCF7751E766BFEB8455AABE708CB00000000BACFF5E9BE7D03DFFFA526EA59C232000000806ED2D2D232B95C2EC7C8B18E3299B6810307DEAD957A96B00C000000A09B4C9C387175A9541AB3816F8F7315CC9E272C03000000E846E572795CBA2FAFF7AD315AA7E709CB80FFAFBDFB7B8D323BE3007ECE4CC4216C48901516510941103490454ABC50702F1689E085174226A4BD58CAB2178B207855FF041114422BC52EF457980197D60B25526A8960A1040D0A110A169D12212A2A81A421901F6FDF3764240DD275FBCE9B95F2F9C0E13DE785790E3C975FCE9C170000802DF4E2C58BEC92FF6731B5E1F5BF2A95CA9F75E787272C03000000D842D95F31D3C7E660EC4FBE82F9611096010000006CBDDF6C5CC4187FAB251F066119000000C016AB542A7FDBB8DEBE7DFB2D5DF930442D0000000028DEF0F0F0EEE5E5E55331C663E9F2D374F4A4A3945DF49FBEFB67FA78903EFF5A2E97EBA3A3A3CF74EC87212C0300000028D0D0D0D0A9F4F175922447D367E53D7F361E63FCA656ABF942E61613960100000014A05AAD76A78F2BE918C851E6EECACACA17D7AE5DFB878E6E0D6119000000408B0D0E0E56638C23E9F4E3E6BB72B91C7A7B7BC3E1C387C3BE7DFB42575757E8E8E8080B0B0B61767636341A8D30313111262727C3D2D2D2DB5AA55269214992AF9C32DB1AC23200000080161A1C1C3C1963FC633A6DCBD6594876E2C48970FCF8F1B073E7CEEFFC7D169CDDBC79338C8D8D85959595B7EFD39A5FD66AB55FE970B18465000000002DB27EA2EC77613D28DBB56B57387BF66CD8B367CFF7AE353D3D1D464646D69E4D69ED9F386156ACB21600000000E497DD51B67EA2ECA36CBD7FFFFE70FEFCF9F73A4DF62E9D9D9DE1C89123E1E9D3A7E1E5CB976BEF4AA5D2406F6FEF1FA6A6A65EE978314A5A00000000905F8CF16A58BFA32C3B5176EEDCB9B53BC9F2686F6FFF8F9369ABABABED49925CD5EDE208CB00000000721A1A1A3A9524C9E7D93CBBA32C0BB8F206654D596076E6CC99B5BAEB8EA6FBFD58D78B212C03000000C8EFEBE624BBCCFF7FB9A3ECBFC9EA9D3C79F2ED3AFB3AA6961743580600000090C3F0F0F0EE24493ECBE6CD2F5F16616060206CDBB6ADB93C9ADD91A6FBAD272C03000000C8617979F95458FFFA655F5F5FD8B1634721FB7475758543870E6D7C755AF75B4F580600000090438CF15873DEDFDF5FE85E9BEA1FD3FDD6139601000000E4F36973D2D3D353E846DDDDDDEFDC97D6119601000000E4F3497392FD55B2489BEA7FACF5AD272C03000000C8E7A3E6A4A3A3A3D08DDADBDB372E2B5ADF7AC232000000807CE69B93B9B9B942375A5858D8B85CD4FAD6139601000000E4F3BC39999D9D2D74A34DF55F697DEB09CB00000000F279D09C3C79F2A4D08D1A8DC63BF7A57584650000000039244972A7399F98982874AF4DF5EFE87EEB09CB0000000072686B6BBB9E3E96B3F9C3870FC39B376F0AD927FB0BE6E4E4E4C657DFEA7EEB09CB0000000072181D1D7D16631CCFE62B2B2B616C6CAC907D6EDDBA159696969ACBBBF57ABDA1FBAD272C03000000C8EFE7CD4916964D4F4FB7B47856EFC68D1B6FD731C65F6A793184650000000039D56AB5ECAF98E3D93C3B5D76E9D2A5D5B9B9B996D45E5858082323236B75D7DD9D9999A9EB7A31846500000000ADF1453A5E6593999999D2C58B1793BC815916945DBE7C79E349B5F918E397E3E3E3CBDA5D8CB21600000000E4373535357BF0E0C1E918E3A974597AFDFA75BC77EF5E72E0C081D8D9D9F9BDEB6501D9850B17C2E3C78FDFBE4B6BFFB456ABFD45B78B232C030000006891478F1E4DF5F6F666C7C04EA6A3343F3F1F6FDFBE9D2C2E2EC6BD7BF7864AA5F29D35B2AF5E5EBF7E3D5CB972656DDE9424C9CFEAF5FA2F74B958510B000000005A6B7070B09A3EAEC418BB9AEFCAE572E8EBEB0BFDFDFDA1A7A727747575858E8E8EB5BF5A66A158A3D108F7EFDF0F9393936171717163B9F9749CA9D7EBBFD6D9E209CB000000000A50AD56BB638C579324F93C4799BBD91D65B55AEDEF3ABA3584650000000005AA56ABA7638C5F2549F259BA6C7BCF9FDD4DC737CF9F3FFFBDCBFCB796B00C000000600B0C0F0FEF5E5D5D3D9D24C99174F9A3747C928EEC12B3EC3F97D957341FA4E34E3ABEADD7EB0D1D030000000000000000000000000000000000000000000000000000000000000000000000000000000000000000000000000000000000000000000000000000000000000000000000000000000000000000000000000000000000000000000000000000000000000000000000000000000000000000000000000000000000000000000000000000000000000000000000000000000000000000000000000000000000000000000000000000000000000000000000000000000000000000000000000000000000000000000000000000000000000000000000000000000000000000000000E0FFC1BF01B1AAD27206E3F53F0000000049454E44AE426082, NULL);

-- ----------------------------
-- Table structure for act_ge_property
-- ----------------------------
DROP TABLE IF EXISTS `act_ge_property`;
CREATE TABLE `act_ge_property`  (
  `NAME_` varchar(64) CHARACTER SET utf8 COLLATE utf8_bin NOT NULL,
  `VALUE_` varchar(300) CHARACTER SET utf8 COLLATE utf8_bin NULL DEFAULT NULL,
  `REV_` int(11) NULL DEFAULT NULL,
  PRIMARY KEY (`NAME_`) USING BTREE
) ENGINE = InnoDB CHARACTER SET = utf8 COLLATE = utf8_bin ROW_FORMAT = Dynamic;

-- ----------------------------
-- Records of act_ge_property
-- ----------------------------
INSERT INTO `act_ge_property` VALUES ('next.dbid', '2501', 2);
INSERT INTO `act_ge_property` VALUES ('schema.history', 'create(5.22.0.0)', 1);
INSERT INTO `act_ge_property` VALUES ('schema.version', '5.22.0.0', 1);

-- ----------------------------
-- Table structure for act_hi_actinst
-- ----------------------------
DROP TABLE IF EXISTS `act_hi_actinst`;
CREATE TABLE `act_hi_actinst`  (
  `ID_` varchar(64) CHARACTER SET utf8 COLLATE utf8_bin NOT NULL,
  `PROC_DEF_ID_` varchar(64) CHARACTER SET utf8 COLLATE utf8_bin NOT NULL,
  `PROC_INST_ID_` varchar(64) CHARACTER SET utf8 COLLATE utf8_bin NOT NULL,
  `EXECUTION_ID_` varchar(64) CHARACTER SET utf8 COLLATE utf8_bin NOT NULL,
  `ACT_ID_` varchar(255) CHARACTER SET utf8 COLLATE utf8_bin NOT NULL,
  `TASK_ID_` varchar(64) CHARACTER SET utf8 COLLATE utf8_bin NULL DEFAULT NULL,
  `CALL_PROC_INST_ID_` varchar(64) CHARACTER SET utf8 COLLATE utf8_bin NULL DEFAULT NULL,
  `ACT_NAME_` varchar(255) CHARACTER SET utf8 COLLATE utf8_bin NULL DEFAULT NULL,
  `ACT_TYPE_` varchar(255) CHARACTER SET utf8 COLLATE utf8_bin NOT NULL,
  `ASSIGNEE_` varchar(255) CHARACTER SET utf8 COLLATE utf8_bin NULL DEFAULT NULL,
  `START_TIME_` datetime(3) NULL DEFAULT NULL,
  `END_TIME_` datetime(3) NULL DEFAULT NULL,
  `DURATION_` bigint(20) NULL DEFAULT NULL,
  `TENANT_ID_` varchar(255) CHARACTER SET utf8 COLLATE utf8_bin NULL DEFAULT '',
  PRIMARY KEY (`ID_`) USING BTREE,
  INDEX `ACT_IDX_HI_ACT_INST_START`(`START_TIME_`) USING BTREE,
  INDEX `ACT_IDX_HI_ACT_INST_END`(`END_TIME_`) USING BTREE,
  INDEX `ACT_IDX_HI_ACT_INST_PROCINST`(`PROC_INST_ID_`, `ACT_ID_`) USING BTREE,
  INDEX `ACT_IDX_HI_ACT_INST_EXEC`(`EXECUTION_ID_`, `ACT_ID_`) USING BTREE
) ENGINE = InnoDB CHARACTER SET = utf8 COLLATE = utf8_bin ROW_FORMAT = Dynamic;

-- ----------------------------
-- Table structure for act_hi_attachment
-- ----------------------------
DROP TABLE IF EXISTS `act_hi_attachment`;
CREATE TABLE `act_hi_attachment`  (
  `ID_` varchar(64) CHARACTER SET utf8 COLLATE utf8_bin NOT NULL,
  `REV_` int(11) NULL DEFAULT NULL,
  `USER_ID_` varchar(255) CHARACTER SET utf8 COLLATE utf8_bin NULL DEFAULT NULL,
  `NAME_` varchar(255) CHARACTER SET utf8 COLLATE utf8_bin NULL DEFAULT NULL,
  `DESCRIPTION_` varchar(4000) CHARACTER SET utf8 COLLATE utf8_bin NULL DEFAULT NULL,
  `TYPE_` varchar(255) CHARACTER SET utf8 COLLATE utf8_bin NULL DEFAULT NULL,
  `TASK_ID_` varchar(64) CHARACTER SET utf8 COLLATE utf8_bin NULL DEFAULT NULL,
  `PROC_INST_ID_` varchar(64) CHARACTER SET utf8 COLLATE utf8_bin NULL DEFAULT NULL,
  `URL_` varchar(4000) CHARACTER SET utf8 COLLATE utf8_bin NULL DEFAULT NULL,
  `CONTENT_ID_` varchar(64) CHARACTER SET utf8 COLLATE utf8_bin NULL DEFAULT NULL,
  `TIME_` datetime(3) NULL DEFAULT NULL,
  PRIMARY KEY (`ID_`) USING BTREE
) ENGINE = InnoDB CHARACTER SET = utf8 COLLATE = utf8_bin ROW_FORMAT = Dynamic;

-- ----------------------------
-- Table structure for act_hi_comment
-- ----------------------------
DROP TABLE IF EXISTS `act_hi_comment`;
CREATE TABLE `act_hi_comment`  (
  `ID_` varchar(64) CHARACTER SET utf8 COLLATE utf8_bin NOT NULL,
  `TYPE_` varchar(255) CHARACTER SET utf8 COLLATE utf8_bin NULL DEFAULT NULL,
  `TIME_` datetime(3) NULL DEFAULT NULL,
  `USER_ID_` varchar(255) CHARACTER SET utf8 COLLATE utf8_bin NULL DEFAULT NULL,
  `TASK_ID_` varchar(64) CHARACTER SET utf8 COLLATE utf8_bin NULL DEFAULT NULL,
  `PROC_INST_ID_` varchar(64) CHARACTER SET utf8 COLLATE utf8_bin NULL DEFAULT NULL,
  `ACTION_` varchar(255) CHARACTER SET utf8 COLLATE utf8_bin NULL DEFAULT NULL,
  `MESSAGE_` varchar(4000) CHARACTER SET utf8 COLLATE utf8_bin NULL DEFAULT NULL,
  `FULL_MSG_` longblob NULL,
  PRIMARY KEY (`ID_`) USING BTREE
) ENGINE = InnoDB CHARACTER SET = utf8 COLLATE = utf8_bin ROW_FORMAT = Dynamic;

-- ----------------------------
-- Table structure for act_hi_detail
-- ----------------------------
DROP TABLE IF EXISTS `act_hi_detail`;
CREATE TABLE `act_hi_detail`  (
  `ID_` varchar(64) CHARACTER SET utf8 COLLATE utf8_bin NOT NULL,
  `TYPE_` varchar(255) CHARACTER SET utf8 COLLATE utf8_bin NOT NULL,
  `PROC_INST_ID_` varchar(64) CHARACTER SET utf8 COLLATE utf8_bin NULL DEFAULT NULL,
  `EXECUTION_ID_` varchar(64) CHARACTER SET utf8 COLLATE utf8_bin NULL DEFAULT NULL,
  `TASK_ID_` varchar(64) CHARACTER SET utf8 COLLATE utf8_bin NULL DEFAULT NULL,
  `ACT_INST_ID_` varchar(64) CHARACTER SET utf8 COLLATE utf8_bin NULL DEFAULT NULL,
  `NAME_` varchar(255) CHARACTER SET utf8 COLLATE utf8_bin NOT NULL,
  `VAR_TYPE_` varchar(255) CHARACTER SET utf8 COLLATE utf8_bin NULL DEFAULT NULL,
  `REV_` int(11) NULL DEFAULT NULL,
  `TIME_` datetime(3) NULL DEFAULT NULL,
  `BYTEARRAY_ID_` varchar(64) CHARACTER SET utf8 COLLATE utf8_bin NULL DEFAULT NULL,
  `DOUBLE_` double NULL DEFAULT NULL,
  `LONG_` bigint(20) NULL DEFAULT NULL,
  `TEXT_` varchar(4000) CHARACTER SET utf8 COLLATE utf8_bin NULL DEFAULT NULL,
  `TEXT2_` varchar(4000) CHARACTER SET utf8 COLLATE utf8_bin NULL DEFAULT NULL,
  PRIMARY KEY (`ID_`) USING BTREE,
  INDEX `ACT_IDX_HI_DETAIL_PROC_INST`(`PROC_INST_ID_`) USING BTREE,
  INDEX `ACT_IDX_HI_DETAIL_ACT_INST`(`ACT_INST_ID_`) USING BTREE,
  INDEX `ACT_IDX_HI_DETAIL_TIME`(`TIME_`) USING BTREE,
  INDEX `ACT_IDX_HI_DETAIL_NAME`(`NAME_`) USING BTREE,
  INDEX `ACT_IDX_HI_DETAIL_TASK_ID`(`TASK_ID_`) USING BTREE
) ENGINE = InnoDB CHARACTER SET = utf8 COLLATE = utf8_bin ROW_FORMAT = Dynamic;

-- ----------------------------
-- Table structure for act_hi_identitylink
-- ----------------------------
DROP TABLE IF EXISTS `act_hi_identitylink`;
CREATE TABLE `act_hi_identitylink`  (
  `ID_` varchar(64) CHARACTER SET utf8 COLLATE utf8_bin NOT NULL,
  `GROUP_ID_` varchar(255) CHARACTER SET utf8 COLLATE utf8_bin NULL DEFAULT NULL,
  `TYPE_` varchar(255) CHARACTER SET utf8 COLLATE utf8_bin NULL DEFAULT NULL,
  `USER_ID_` varchar(255) CHARACTER SET utf8 COLLATE utf8_bin NULL DEFAULT NULL,
  `TASK_ID_` varchar(64) CHARACTER SET utf8 COLLATE utf8_bin NULL DEFAULT NULL,
  `PROC_INST_ID_` varchar(64) CHARACTER SET utf8 COLLATE utf8_bin NULL DEFAULT NULL,
  PRIMARY KEY (`ID_`) USING BTREE,
  INDEX `ACT_IDX_HI_IDENT_LNK_USER`(`USER_ID_`) USING BTREE,
  INDEX `ACT_IDX_HI_IDENT_LNK_TASK`(`TASK_ID_`) USING BTREE,
  INDEX `ACT_IDX_HI_IDENT_LNK_PROCINST`(`PROC_INST_ID_`) USING BTREE
) ENGINE = InnoDB CHARACTER SET = utf8 COLLATE = utf8_bin ROW_FORMAT = Dynamic;

-- ----------------------------
-- Table structure for act_hi_procinst
-- ----------------------------
DROP TABLE IF EXISTS `act_hi_procinst`;
CREATE TABLE `act_hi_procinst`  (
  `ID_` varchar(64) CHARACTER SET utf8 COLLATE utf8_bin NOT NULL,
  `PROC_INST_ID_` varchar(64) CHARACTER SET utf8 COLLATE utf8_bin NOT NULL,
  `BUSINESS_KEY_` varchar(255) CHARACTER SET utf8 COLLATE utf8_bin NULL DEFAULT NULL,
  `PROC_DEF_ID_` varchar(64) CHARACTER SET utf8 COLLATE utf8_bin NOT NULL,
  `START_TIME_` datetime(3) NULL DEFAULT NULL,
  `END_TIME_` datetime(3) NULL DEFAULT NULL,
  `DURATION_` bigint(20) NULL DEFAULT NULL,
  `START_USER_ID_` varchar(255) CHARACTER SET utf8 COLLATE utf8_bin NULL DEFAULT NULL,
  `START_ACT_ID_` varchar(255) CHARACTER SET utf8 COLLATE utf8_bin NULL DEFAULT NULL,
  `END_ACT_ID_` varchar(255) CHARACTER SET utf8 COLLATE utf8_bin NULL DEFAULT NULL,
  `SUPER_PROCESS_INSTANCE_ID_` varchar(64) CHARACTER SET utf8 COLLATE utf8_bin NULL DEFAULT NULL,
  `DELETE_REASON_` varchar(4000) CHARACTER SET utf8 COLLATE utf8_bin NULL DEFAULT NULL,
  `TENANT_ID_` varchar(255) CHARACTER SET utf8 COLLATE utf8_bin NULL DEFAULT '',
  `NAME_` varchar(255) CHARACTER SET utf8 COLLATE utf8_bin NULL DEFAULT NULL,
  PRIMARY KEY (`ID_`) USING BTREE,
  UNIQUE INDEX `PROC_INST_ID_`(`PROC_INST_ID_`) USING BTREE,
  INDEX `ACT_IDX_HI_PRO_INST_END`(`END_TIME_`) USING BTREE,
  INDEX `ACT_IDX_HI_PRO_I_BUSKEY`(`BUSINESS_KEY_`) USING BTREE
) ENGINE = InnoDB CHARACTER SET = utf8 COLLATE = utf8_bin ROW_FORMAT = Dynamic;

-- ----------------------------
-- Table structure for act_hi_taskinst
-- ----------------------------
DROP TABLE IF EXISTS `act_hi_taskinst`;
CREATE TABLE `act_hi_taskinst`  (
  `ID_` varchar(64) CHARACTER SET utf8 COLLATE utf8_bin NOT NULL,
  `PROC_DEF_ID_` varchar(64) CHARACTER SET utf8 COLLATE utf8_bin NULL DEFAULT NULL,
  `TASK_DEF_KEY_` varchar(255) CHARACTER SET utf8 COLLATE utf8_bin NULL DEFAULT NULL,
  `PROC_INST_ID_` varchar(64) CHARACTER SET utf8 COLLATE utf8_bin NULL DEFAULT NULL,
  `EXECUTION_ID_` varchar(64) CHARACTER SET utf8 COLLATE utf8_bin NULL DEFAULT NULL,
  `NAME_` varchar(255) CHARACTER SET utf8 COLLATE utf8_bin NULL DEFAULT NULL,
  `PARENT_TASK_ID_` varchar(64) CHARACTER SET utf8 COLLATE utf8_bin NULL DEFAULT NULL,
  `DESCRIPTION_` varchar(4000) CHARACTER SET utf8 COLLATE utf8_bin NULL DEFAULT NULL,
  `OWNER_` varchar(255) CHARACTER SET utf8 COLLATE utf8_bin NULL DEFAULT NULL,
  `ASSIGNEE_` varchar(255) CHARACTER SET utf8 COLLATE utf8_bin NULL DEFAULT NULL,
  `START_TIME_` datetime(3) NULL DEFAULT NULL,
  `CLAIM_TIME_` datetime(3) NULL DEFAULT NULL,
  `END_TIME_` datetime(3) NULL DEFAULT NULL,
  `DURATION_` bigint(20) NULL DEFAULT NULL,
  `DELETE_REASON_` varchar(4000) CHARACTER SET utf8 COLLATE utf8_bin NULL DEFAULT NULL,
  `PRIORITY_` int(11) NULL DEFAULT NULL,
  `DUE_DATE_` datetime(3) NULL DEFAULT NULL,
  `FORM_KEY_` varchar(255) CHARACTER SET utf8 COLLATE utf8_bin NULL DEFAULT NULL,
  `CATEGORY_` varchar(255) CHARACTER SET utf8 COLLATE utf8_bin NULL DEFAULT NULL,
  `TENANT_ID_` varchar(255) CHARACTER SET utf8 COLLATE utf8_bin NULL DEFAULT '',
  PRIMARY KEY (`ID_`) USING BTREE,
  INDEX `ACT_IDX_HI_TASK_INST_PROCINST`(`PROC_INST_ID_`) USING BTREE
) ENGINE = InnoDB CHARACTER SET = utf8 COLLATE = utf8_bin ROW_FORMAT = Dynamic;

-- ----------------------------
-- Table structure for act_hi_varinst
-- ----------------------------
DROP TABLE IF EXISTS `act_hi_varinst`;
CREATE TABLE `act_hi_varinst`  (
  `ID_` varchar(64) CHARACTER SET utf8 COLLATE utf8_bin NOT NULL,
  `PROC_INST_ID_` varchar(64) CHARACTER SET utf8 COLLATE utf8_bin NULL DEFAULT NULL,
  `EXECUTION_ID_` varchar(64) CHARACTER SET utf8 COLLATE utf8_bin NULL DEFAULT NULL,
  `TASK_ID_` varchar(64) CHARACTER SET utf8 COLLATE utf8_bin NULL DEFAULT NULL,
  `NAME_` varchar(255) CHARACTER SET utf8 COLLATE utf8_bin NOT NULL,
  `VAR_TYPE_` varchar(100) CHARACTER SET utf8 COLLATE utf8_bin NULL DEFAULT NULL,
  `REV_` int(11) NULL DEFAULT NULL,
  `BYTEARRAY_ID_` varchar(64) CHARACTER SET utf8 COLLATE utf8_bin NULL DEFAULT NULL,
  `DOUBLE_` double NULL DEFAULT NULL,
  `LONG_` bigint(20) NULL DEFAULT NULL,
  `TEXT_` varchar(4000) CHARACTER SET utf8 COLLATE utf8_bin NULL DEFAULT NULL,
  `TEXT2_` varchar(4000) CHARACTER SET utf8 COLLATE utf8_bin NULL DEFAULT NULL,
  `CREATE_TIME_` datetime(3) NULL DEFAULT NULL,
  `LAST_UPDATED_TIME_` datetime(3) NULL DEFAULT NULL,
  PRIMARY KEY (`ID_`) USING BTREE,
  INDEX `ACT_IDX_HI_PROCVAR_PROC_INST`(`PROC_INST_ID_`) USING BTREE,
  INDEX `ACT_IDX_HI_PROCVAR_NAME_TYPE`(`NAME_`, `VAR_TYPE_`) USING BTREE,
  INDEX `ACT_IDX_HI_PROCVAR_TASK_ID`(`TASK_ID_`) USING BTREE
) ENGINE = InnoDB CHARACTER SET = utf8 COLLATE = utf8_bin ROW_FORMAT = Dynamic;

-- ----------------------------
-- Table structure for act_procdef_info
-- ----------------------------
DROP TABLE IF EXISTS `act_procdef_info`;
CREATE TABLE `act_procdef_info`  (
  `ID_` varchar(64) CHARACTER SET utf8 COLLATE utf8_bin NOT NULL,
  `PROC_DEF_ID_` varchar(64) CHARACTER SET utf8 COLLATE utf8_bin NOT NULL,
  `REV_` int(11) NULL DEFAULT NULL,
  `INFO_JSON_ID_` varchar(64) CHARACTER SET utf8 COLLATE utf8_bin NULL DEFAULT NULL,
  PRIMARY KEY (`ID_`) USING BTREE,
  UNIQUE INDEX `ACT_UNIQ_INFO_PROCDEF`(`PROC_DEF_ID_`) USING BTREE,
  INDEX `ACT_IDX_INFO_PROCDEF`(`PROC_DEF_ID_`) USING BTREE,
  INDEX `ACT_FK_INFO_JSON_BA`(`INFO_JSON_ID_`) USING BTREE,
  CONSTRAINT `ACT_FK_INFO_JSON_BA` FOREIGN KEY (`INFO_JSON_ID_`) REFERENCES `act_ge_bytearray` (`ID_`) ON DELETE RESTRICT ON UPDATE RESTRICT,
  CONSTRAINT `ACT_FK_INFO_PROCDEF` FOREIGN KEY (`PROC_DEF_ID_`) REFERENCES `act_re_procdef` (`ID_`) ON DELETE RESTRICT ON UPDATE RESTRICT
) ENGINE = InnoDB CHARACTER SET = utf8 COLLATE = utf8_bin ROW_FORMAT = Dynamic;

-- ----------------------------
-- Table structure for act_re_deployment
-- ----------------------------
DROP TABLE IF EXISTS `act_re_deployment`;
CREATE TABLE `act_re_deployment`  (
  `ID_` varchar(64) CHARACTER SET utf8 COLLATE utf8_bin NOT NULL,
  `NAME_` varchar(255) CHARACTER SET utf8 COLLATE utf8_bin NULL DEFAULT NULL,
  `CATEGORY_` varchar(255) CHARACTER SET utf8 COLLATE utf8_bin NULL DEFAULT NULL,
  `TENANT_ID_` varchar(255) CHARACTER SET utf8 COLLATE utf8_bin NULL DEFAULT '',
  `DEPLOY_TIME_` timestamp(3) NULL DEFAULT NULL,
  PRIMARY KEY (`ID_`) USING BTREE
) ENGINE = InnoDB CHARACTER SET = utf8 COLLATE = utf8_bin ROW_FORMAT = Dynamic;

-- ----------------------------
-- Table structure for act_re_model
-- ----------------------------
DROP TABLE IF EXISTS `act_re_model`;
CREATE TABLE `act_re_model`  (
  `ID_` varchar(64) CHARACTER SET utf8 COLLATE utf8_bin NOT NULL,
  `REV_` int(11) NULL DEFAULT NULL,
  `NAME_` varchar(255) CHARACTER SET utf8 COLLATE utf8_bin NULL DEFAULT NULL,
  `KEY_` varchar(255) CHARACTER SET utf8 COLLATE utf8_bin NULL DEFAULT NULL,
  `CATEGORY_` varchar(255) CHARACTER SET utf8 COLLATE utf8_bin NULL DEFAULT NULL,
  `CREATE_TIME_` timestamp(3) NULL DEFAULT NULL,
  `LAST_UPDATE_TIME_` timestamp(3) NULL DEFAULT NULL,
  `VERSION_` int(11) NULL DEFAULT NULL,
  `META_INFO_` varchar(4000) CHARACTER SET utf8 COLLATE utf8_bin NULL DEFAULT NULL,
  `DEPLOYMENT_ID_` varchar(64) CHARACTER SET utf8 COLLATE utf8_bin NULL DEFAULT NULL,
  `EDITOR_SOURCE_VALUE_ID_` varchar(64) CHARACTER SET utf8 COLLATE utf8_bin NULL DEFAULT NULL,
  `EDITOR_SOURCE_EXTRA_VALUE_ID_` varchar(64) CHARACTER SET utf8 COLLATE utf8_bin NULL DEFAULT NULL,
  `TENANT_ID_` varchar(255) CHARACTER SET utf8 COLLATE utf8_bin NULL DEFAULT '',
  PRIMARY KEY (`ID_`) USING BTREE,
  INDEX `ACT_FK_MODEL_SOURCE`(`EDITOR_SOURCE_VALUE_ID_`) USING BTREE,
  INDEX `ACT_FK_MODEL_SOURCE_EXTRA`(`EDITOR_SOURCE_EXTRA_VALUE_ID_`) USING BTREE,
  INDEX `ACT_FK_MODEL_DEPLOYMENT`(`DEPLOYMENT_ID_`) USING BTREE,
  CONSTRAINT `ACT_FK_MODEL_DEPLOYMENT` FOREIGN KEY (`DEPLOYMENT_ID_`) REFERENCES `act_re_deployment` (`ID_`) ON DELETE RESTRICT ON UPDATE RESTRICT,
  CONSTRAINT `ACT_FK_MODEL_SOURCE` FOREIGN KEY (`EDITOR_SOURCE_VALUE_ID_`) REFERENCES `act_ge_bytearray` (`ID_`) ON DELETE RESTRICT ON UPDATE RESTRICT,
  CONSTRAINT `ACT_FK_MODEL_SOURCE_EXTRA` FOREIGN KEY (`EDITOR_SOURCE_EXTRA_VALUE_ID_`) REFERENCES `act_ge_bytearray` (`ID_`) ON DELETE RESTRICT ON UPDATE RESTRICT
) ENGINE = InnoDB CHARACTER SET = utf8 COLLATE = utf8_bin ROW_FORMAT = Dynamic;

-- ----------------------------
-- Records of act_re_model
-- ----------------------------
INSERT INTO `act_re_model` VALUES ('1', 6, 'new-process', 'process', NULL, '2018-12-26 14:29:12.371', '2019-01-10 17:19:28.778', 1, '{\"name\":\"new-process\",\"description\":\"\",\"revision\":1}', NULL, '2', '3', '');

-- ----------------------------
-- Table structure for act_re_procdef
-- ----------------------------
DROP TABLE IF EXISTS `act_re_procdef`;
CREATE TABLE `act_re_procdef`  (
  `ID_` varchar(64) CHARACTER SET utf8 COLLATE utf8_bin NOT NULL,
  `REV_` int(11) NULL DEFAULT NULL,
  `CATEGORY_` varchar(255) CHARACTER SET utf8 COLLATE utf8_bin NULL DEFAULT NULL,
  `NAME_` varchar(255) CHARACTER SET utf8 COLLATE utf8_bin NULL DEFAULT NULL,
  `KEY_` varchar(255) CHARACTER SET utf8 COLLATE utf8_bin NOT NULL,
  `VERSION_` int(11) NOT NULL,
  `DEPLOYMENT_ID_` varchar(64) CHARACTER SET utf8 COLLATE utf8_bin NULL DEFAULT NULL,
  `RESOURCE_NAME_` varchar(4000) CHARACTER SET utf8 COLLATE utf8_bin NULL DEFAULT NULL,
  `DGRM_RESOURCE_NAME_` varchar(4000) CHARACTER SET utf8 COLLATE utf8_bin NULL DEFAULT NULL,
  `DESCRIPTION_` varchar(4000) CHARACTER SET utf8 COLLATE utf8_bin NULL DEFAULT NULL,
  `HAS_START_FORM_KEY_` tinyint(4) NULL DEFAULT NULL,
  `HAS_GRAPHICAL_NOTATION_` tinyint(4) NULL DEFAULT NULL,
  `SUSPENSION_STATE_` int(11) NULL DEFAULT NULL,
  `TENANT_ID_` varchar(255) CHARACTER SET utf8 COLLATE utf8_bin NULL DEFAULT '',
  PRIMARY KEY (`ID_`) USING BTREE,
  UNIQUE INDEX `ACT_UNIQ_PROCDEF`(`KEY_`, `VERSION_`, `TENANT_ID_`) USING BTREE
) ENGINE = InnoDB CHARACTER SET = utf8 COLLATE = utf8_bin ROW_FORMAT = Dynamic;

-- ----------------------------
-- Table structure for act_ru_event_subscr
-- ----------------------------
DROP TABLE IF EXISTS `act_ru_event_subscr`;
CREATE TABLE `act_ru_event_subscr`  (
  `ID_` varchar(64) CHARACTER SET utf8 COLLATE utf8_bin NOT NULL,
  `REV_` int(11) NULL DEFAULT NULL,
  `EVENT_TYPE_` varchar(255) CHARACTER SET utf8 COLLATE utf8_bin NOT NULL,
  `EVENT_NAME_` varchar(255) CHARACTER SET utf8 COLLATE utf8_bin NULL DEFAULT NULL,
  `EXECUTION_ID_` varchar(64) CHARACTER SET utf8 COLLATE utf8_bin NULL DEFAULT NULL,
  `PROC_INST_ID_` varchar(64) CHARACTER SET utf8 COLLATE utf8_bin NULL DEFAULT NULL,
  `ACTIVITY_ID_` varchar(64) CHARACTER SET utf8 COLLATE utf8_bin NULL DEFAULT NULL,
  `CONFIGURATION_` varchar(255) CHARACTER SET utf8 COLLATE utf8_bin NULL DEFAULT NULL,
  `CREATED_` timestamp(3) NOT NULL DEFAULT CURRENT_TIMESTAMP(3),
  `PROC_DEF_ID_` varchar(64) CHARACTER SET utf8 COLLATE utf8_bin NULL DEFAULT NULL,
  `TENANT_ID_` varchar(255) CHARACTER SET utf8 COLLATE utf8_bin NULL DEFAULT '',
  PRIMARY KEY (`ID_`) USING BTREE,
  INDEX `ACT_IDX_EVENT_SUBSCR_CONFIG_`(`CONFIGURATION_`) USING BTREE,
  INDEX `ACT_FK_EVENT_EXEC`(`EXECUTION_ID_`) USING BTREE,
  CONSTRAINT `ACT_FK_EVENT_EXEC` FOREIGN KEY (`EXECUTION_ID_`) REFERENCES `act_ru_execution` (`ID_`) ON DELETE RESTRICT ON UPDATE RESTRICT
) ENGINE = InnoDB CHARACTER SET = utf8 COLLATE = utf8_bin ROW_FORMAT = Dynamic;

-- ----------------------------
-- Table structure for act_ru_execution
-- ----------------------------
DROP TABLE IF EXISTS `act_ru_execution`;
CREATE TABLE `act_ru_execution`  (
  `ID_` varchar(64) CHARACTER SET utf8 COLLATE utf8_bin NOT NULL,
  `REV_` int(11) NULL DEFAULT NULL,
  `PROC_INST_ID_` varchar(64) CHARACTER SET utf8 COLLATE utf8_bin NULL DEFAULT NULL,
  `BUSINESS_KEY_` varchar(255) CHARACTER SET utf8 COLLATE utf8_bin NULL DEFAULT NULL,
  `PARENT_ID_` varchar(64) CHARACTER SET utf8 COLLATE utf8_bin NULL DEFAULT NULL,
  `PROC_DEF_ID_` varchar(64) CHARACTER SET utf8 COLLATE utf8_bin NULL DEFAULT NULL,
  `SUPER_EXEC_` varchar(64) CHARACTER SET utf8 COLLATE utf8_bin NULL DEFAULT NULL,
  `ACT_ID_` varchar(255) CHARACTER SET utf8 COLLATE utf8_bin NULL DEFAULT NULL,
  `IS_ACTIVE_` tinyint(4) NULL DEFAULT NULL,
  `IS_CONCURRENT_` tinyint(4) NULL DEFAULT NULL,
  `IS_SCOPE_` tinyint(4) NULL DEFAULT NULL,
  `IS_EVENT_SCOPE_` tinyint(4) NULL DEFAULT NULL,
  `SUSPENSION_STATE_` int(11) NULL DEFAULT NULL,
  `CACHED_ENT_STATE_` int(11) NULL DEFAULT NULL,
  `TENANT_ID_` varchar(255) CHARACTER SET utf8 COLLATE utf8_bin NULL DEFAULT '',
  `NAME_` varchar(255) CHARACTER SET utf8 COLLATE utf8_bin NULL DEFAULT NULL,
  `LOCK_TIME_` timestamp(3) NULL DEFAULT NULL,
  PRIMARY KEY (`ID_`) USING BTREE,
  INDEX `ACT_IDX_EXEC_BUSKEY`(`BUSINESS_KEY_`) USING BTREE,
  INDEX `ACT_FK_EXE_PROCINST`(`PROC_INST_ID_`) USING BTREE,
  INDEX `ACT_FK_EXE_PARENT`(`PARENT_ID_`) USING BTREE,
  INDEX `ACT_FK_EXE_SUPER`(`SUPER_EXEC_`) USING BTREE,
  INDEX `ACT_FK_EXE_PROCDEF`(`PROC_DEF_ID_`) USING BTREE,
  CONSTRAINT `ACT_FK_EXE_PARENT` FOREIGN KEY (`PARENT_ID_`) REFERENCES `act_ru_execution` (`ID_`) ON DELETE RESTRICT ON UPDATE RESTRICT,
  CONSTRAINT `ACT_FK_EXE_PROCDEF` FOREIGN KEY (`PROC_DEF_ID_`) REFERENCES `act_re_procdef` (`ID_`) ON DELETE RESTRICT ON UPDATE RESTRICT,
  CONSTRAINT `ACT_FK_EXE_PROCINST` FOREIGN KEY (`PROC_INST_ID_`) REFERENCES `act_ru_execution` (`ID_`) ON DELETE CASCADE ON UPDATE CASCADE,
  CONSTRAINT `ACT_FK_EXE_SUPER` FOREIGN KEY (`SUPER_EXEC_`) REFERENCES `act_ru_execution` (`ID_`) ON DELETE RESTRICT ON UPDATE RESTRICT
) ENGINE = InnoDB CHARACTER SET = utf8 COLLATE = utf8_bin ROW_FORMAT = Dynamic;

-- ----------------------------
-- Table structure for act_ru_identitylink
-- ----------------------------
DROP TABLE IF EXISTS `act_ru_identitylink`;
CREATE TABLE `act_ru_identitylink`  (
  `ID_` varchar(64) CHARACTER SET utf8 COLLATE utf8_bin NOT NULL,
  `REV_` int(11) NULL DEFAULT NULL,
  `GROUP_ID_` varchar(255) CHARACTER SET utf8 COLLATE utf8_bin NULL DEFAULT NULL,
  `TYPE_` varchar(255) CHARACTER SET utf8 COLLATE utf8_bin NULL DEFAULT NULL,
  `USER_ID_` varchar(255) CHARACTER SET utf8 COLLATE utf8_bin NULL DEFAULT NULL,
  `TASK_ID_` varchar(64) CHARACTER SET utf8 COLLATE utf8_bin NULL DEFAULT NULL,
  `PROC_INST_ID_` varchar(64) CHARACTER SET utf8 COLLATE utf8_bin NULL DEFAULT NULL,
  `PROC_DEF_ID_` varchar(64) CHARACTER SET utf8 COLLATE utf8_bin NULL DEFAULT NULL,
  PRIMARY KEY (`ID_`) USING BTREE,
  INDEX `ACT_IDX_IDENT_LNK_USER`(`USER_ID_`) USING BTREE,
  INDEX `ACT_IDX_IDENT_LNK_GROUP`(`GROUP_ID_`) USING BTREE,
  INDEX `ACT_IDX_ATHRZ_PROCEDEF`(`PROC_DEF_ID_`) USING BTREE,
  INDEX `ACT_FK_TSKASS_TASK`(`TASK_ID_`) USING BTREE,
  INDEX `ACT_FK_IDL_PROCINST`(`PROC_INST_ID_`) USING BTREE,
  CONSTRAINT `ACT_FK_ATHRZ_PROCEDEF` FOREIGN KEY (`PROC_DEF_ID_`) REFERENCES `act_re_procdef` (`ID_`) ON DELETE RESTRICT ON UPDATE RESTRICT,
  CONSTRAINT `ACT_FK_IDL_PROCINST` FOREIGN KEY (`PROC_INST_ID_`) REFERENCES `act_ru_execution` (`ID_`) ON DELETE RESTRICT ON UPDATE RESTRICT,
  CONSTRAINT `ACT_FK_TSKASS_TASK` FOREIGN KEY (`TASK_ID_`) REFERENCES `act_ru_task` (`ID_`) ON DELETE RESTRICT ON UPDATE RESTRICT
) ENGINE = InnoDB CHARACTER SET = utf8 COLLATE = utf8_bin ROW_FORMAT = Dynamic;

-- ----------------------------
-- Table structure for act_ru_job
-- ----------------------------
DROP TABLE IF EXISTS `act_ru_job`;
CREATE TABLE `act_ru_job`  (
  `ID_` varchar(64) CHARACTER SET utf8 COLLATE utf8_bin NOT NULL,
  `REV_` int(11) NULL DEFAULT NULL,
  `TYPE_` varchar(255) CHARACTER SET utf8 COLLATE utf8_bin NOT NULL,
  `LOCK_EXP_TIME_` timestamp(3) NULL DEFAULT NULL,
  `LOCK_OWNER_` varchar(255) CHARACTER SET utf8 COLLATE utf8_bin NULL DEFAULT NULL,
  `EXCLUSIVE_` tinyint(1) NULL DEFAULT NULL,
  `EXECUTION_ID_` varchar(64) CHARACTER SET utf8 COLLATE utf8_bin NULL DEFAULT NULL,
  `PROCESS_INSTANCE_ID_` varchar(64) CHARACTER SET utf8 COLLATE utf8_bin NULL DEFAULT NULL,
  `PROC_DEF_ID_` varchar(64) CHARACTER SET utf8 COLLATE utf8_bin NULL DEFAULT NULL,
  `RETRIES_` int(11) NULL DEFAULT NULL,
  `EXCEPTION_STACK_ID_` varchar(64) CHARACTER SET utf8 COLLATE utf8_bin NULL DEFAULT NULL,
  `EXCEPTION_MSG_` varchar(4000) CHARACTER SET utf8 COLLATE utf8_bin NULL DEFAULT NULL,
  `DUEDATE_` timestamp(3) NULL DEFAULT NULL,
  `REPEAT_` varchar(255) CHARACTER SET utf8 COLLATE utf8_bin NULL DEFAULT NULL,
  `HANDLER_TYPE_` varchar(255) CHARACTER SET utf8 COLLATE utf8_bin NULL DEFAULT NULL,
  `HANDLER_CFG_` varchar(4000) CHARACTER SET utf8 COLLATE utf8_bin NULL DEFAULT NULL,
  `TENANT_ID_` varchar(255) CHARACTER SET utf8 COLLATE utf8_bin NULL DEFAULT '',
  PRIMARY KEY (`ID_`) USING BTREE,
  INDEX `ACT_FK_JOB_EXCEPTION`(`EXCEPTION_STACK_ID_`) USING BTREE,
  CONSTRAINT `ACT_FK_JOB_EXCEPTION` FOREIGN KEY (`EXCEPTION_STACK_ID_`) REFERENCES `act_ge_bytearray` (`ID_`) ON DELETE RESTRICT ON UPDATE RESTRICT
) ENGINE = InnoDB CHARACTER SET = utf8 COLLATE = utf8_bin ROW_FORMAT = Dynamic;

-- ----------------------------
-- Table structure for act_ru_task
-- ----------------------------
DROP TABLE IF EXISTS `act_ru_task`;
CREATE TABLE `act_ru_task`  (
  `ID_` varchar(64) CHARACTER SET utf8 COLLATE utf8_bin NOT NULL,
  `REV_` int(11) NULL DEFAULT NULL,
  `EXECUTION_ID_` varchar(64) CHARACTER SET utf8 COLLATE utf8_bin NULL DEFAULT NULL,
  `PROC_INST_ID_` varchar(64) CHARACTER SET utf8 COLLATE utf8_bin NULL DEFAULT NULL,
  `PROC_DEF_ID_` varchar(64) CHARACTER SET utf8 COLLATE utf8_bin NULL DEFAULT NULL,
  `NAME_` varchar(255) CHARACTER SET utf8 COLLATE utf8_bin NULL DEFAULT NULL,
  `PARENT_TASK_ID_` varchar(64) CHARACTER SET utf8 COLLATE utf8_bin NULL DEFAULT NULL,
  `DESCRIPTION_` varchar(4000) CHARACTER SET utf8 COLLATE utf8_bin NULL DEFAULT NULL,
  `TASK_DEF_KEY_` varchar(255) CHARACTER SET utf8 COLLATE utf8_bin NULL DEFAULT NULL,
  `OWNER_` varchar(255) CHARACTER SET utf8 COLLATE utf8_bin NULL DEFAULT NULL,
  `ASSIGNEE_` varchar(255) CHARACTER SET utf8 COLLATE utf8_bin NULL DEFAULT NULL,
  `DELEGATION_` varchar(64) CHARACTER SET utf8 COLLATE utf8_bin NULL DEFAULT NULL,
  `PRIORITY_` int(11) NULL DEFAULT NULL,
  `CREATE_TIME_` timestamp(3) NULL DEFAULT NULL,
  `DUE_DATE_` datetime(3) NULL DEFAULT NULL,
  `CATEGORY_` varchar(255) CHARACTER SET utf8 COLLATE utf8_bin NULL DEFAULT NULL,
  `SUSPENSION_STATE_` int(11) NULL DEFAULT NULL,
  `TENANT_ID_` varchar(255) CHARACTER SET utf8 COLLATE utf8_bin NULL DEFAULT '',
  `FORM_KEY_` varchar(255) CHARACTER SET utf8 COLLATE utf8_bin NULL DEFAULT NULL,
  PRIMARY KEY (`ID_`) USING BTREE,
  INDEX `ACT_IDX_TASK_CREATE`(`CREATE_TIME_`) USING BTREE,
  INDEX `ACT_FK_TASK_EXE`(`EXECUTION_ID_`) USING BTREE,
  INDEX `ACT_FK_TASK_PROCINST`(`PROC_INST_ID_`) USING BTREE,
  INDEX `ACT_FK_TASK_PROCDEF`(`PROC_DEF_ID_`) USING BTREE,
  CONSTRAINT `ACT_FK_TASK_EXE` FOREIGN KEY (`EXECUTION_ID_`) REFERENCES `act_ru_execution` (`ID_`) ON DELETE RESTRICT ON UPDATE RESTRICT,
  CONSTRAINT `ACT_FK_TASK_PROCDEF` FOREIGN KEY (`PROC_DEF_ID_`) REFERENCES `act_re_procdef` (`ID_`) ON DELETE RESTRICT ON UPDATE RESTRICT,
  CONSTRAINT `ACT_FK_TASK_PROCINST` FOREIGN KEY (`PROC_INST_ID_`) REFERENCES `act_ru_execution` (`ID_`) ON DELETE RESTRICT ON UPDATE RESTRICT
) ENGINE = InnoDB CHARACTER SET = utf8 COLLATE = utf8_bin ROW_FORMAT = Dynamic;

-- ----------------------------
-- Table structure for act_ru_variable
-- ----------------------------
DROP TABLE IF EXISTS `act_ru_variable`;
CREATE TABLE `act_ru_variable`  (
  `ID_` varchar(64) CHARACTER SET utf8 COLLATE utf8_bin NOT NULL,
  `REV_` int(11) NULL DEFAULT NULL,
  `TYPE_` varchar(255) CHARACTER SET utf8 COLLATE utf8_bin NOT NULL,
  `NAME_` varchar(255) CHARACTER SET utf8 COLLATE utf8_bin NOT NULL,
  `EXECUTION_ID_` varchar(64) CHARACTER SET utf8 COLLATE utf8_bin NULL DEFAULT NULL,
  `PROC_INST_ID_` varchar(64) CHARACTER SET utf8 COLLATE utf8_bin NULL DEFAULT NULL,
  `TASK_ID_` varchar(64) CHARACTER SET utf8 COLLATE utf8_bin NULL DEFAULT NULL,
  `BYTEARRAY_ID_` varchar(64) CHARACTER SET utf8 COLLATE utf8_bin NULL DEFAULT NULL,
  `DOUBLE_` double NULL DEFAULT NULL,
  `LONG_` bigint(20) NULL DEFAULT NULL,
  `TEXT_` varchar(4000) CHARACTER SET utf8 COLLATE utf8_bin NULL DEFAULT NULL,
  `TEXT2_` varchar(4000) CHARACTER SET utf8 COLLATE utf8_bin NULL DEFAULT NULL,
  PRIMARY KEY (`ID_`) USING BTREE,
  INDEX `ACT_IDX_VARIABLE_TASK_ID`(`TASK_ID_`) USING BTREE,
  INDEX `ACT_FK_VAR_EXE`(`EXECUTION_ID_`) USING BTREE,
  INDEX `ACT_FK_VAR_PROCINST`(`PROC_INST_ID_`) USING BTREE,
  INDEX `ACT_FK_VAR_BYTEARRAY`(`BYTEARRAY_ID_`) USING BTREE,
  CONSTRAINT `ACT_FK_VAR_BYTEARRAY` FOREIGN KEY (`BYTEARRAY_ID_`) REFERENCES `act_ge_bytearray` (`ID_`) ON DELETE RESTRICT ON UPDATE RESTRICT,
  CONSTRAINT `ACT_FK_VAR_EXE` FOREIGN KEY (`EXECUTION_ID_`) REFERENCES `act_ru_execution` (`ID_`) ON DELETE RESTRICT ON UPDATE RESTRICT,
  CONSTRAINT `ACT_FK_VAR_PROCINST` FOREIGN KEY (`PROC_INST_ID_`) REFERENCES `act_ru_execution` (`ID_`) ON DELETE RESTRICT ON UPDATE RESTRICT
) ENGINE = InnoDB CHARACTER SET = utf8 COLLATE = utf8_bin ROW_FORMAT = Dynamic;

-- ----------------------------
-- Table structure for qrtz_blob_triggers
-- ----------------------------
DROP TABLE IF EXISTS `qrtz_blob_triggers`;
CREATE TABLE `qrtz_blob_triggers`  (
  `sched_name` varchar(120) CHARACTER SET utf8 COLLATE utf8_general_ci NOT NULL,
  `trigger_name` varchar(200) CHARACTER SET utf8 COLLATE utf8_general_ci NOT NULL,
  `trigger_group` varchar(200) CHARACTER SET utf8 COLLATE utf8_general_ci NOT NULL,
  `blob_data` blob NULL,
  PRIMARY KEY (`sched_name`, `trigger_name`, `trigger_group`) USING BTREE,
  CONSTRAINT `qrtz_blob_triggers_ibfk_1` FOREIGN KEY (`sched_name`, `trigger_name`, `trigger_group`) REFERENCES `qrtz_triggers` (`sched_name`, `trigger_name`, `trigger_group`) ON DELETE RESTRICT ON UPDATE RESTRICT
) ENGINE = InnoDB CHARACTER SET = utf8 COLLATE = utf8_general_ci ROW_FORMAT = Dynamic;

-- ----------------------------
-- Table structure for qrtz_calendars
-- ----------------------------
DROP TABLE IF EXISTS `qrtz_calendars`;
CREATE TABLE `qrtz_calendars`  (
  `sched_name` varchar(120) CHARACTER SET utf8 COLLATE utf8_general_ci NOT NULL,
  `calendar_name` varchar(200) CHARACTER SET utf8 COLLATE utf8_general_ci NOT NULL,
  `calendar` blob NOT NULL,
  PRIMARY KEY (`sched_name`, `calendar_name`) USING BTREE
) ENGINE = InnoDB CHARACTER SET = utf8 COLLATE = utf8_general_ci ROW_FORMAT = Dynamic;

-- ----------------------------
-- Table structure for qrtz_cron_triggers
-- ----------------------------
DROP TABLE IF EXISTS `qrtz_cron_triggers`;
CREATE TABLE `qrtz_cron_triggers`  (
  `sched_name` varchar(120) CHARACTER SET utf8 COLLATE utf8_general_ci NOT NULL,
  `trigger_name` varchar(200) CHARACTER SET utf8 COLLATE utf8_general_ci NOT NULL,
  `trigger_group` varchar(200) CHARACTER SET utf8 COLLATE utf8_general_ci NOT NULL,
  `cron_expression` varchar(200) CHARACTER SET utf8 COLLATE utf8_general_ci NOT NULL,
  `time_zone_id` varchar(80) CHARACTER SET utf8 COLLATE utf8_general_ci NULL DEFAULT NULL,
  PRIMARY KEY (`sched_name`, `trigger_name`, `trigger_group`) USING BTREE,
  CONSTRAINT `qrtz_cron_triggers_ibfk_1` FOREIGN KEY (`sched_name`, `trigger_name`, `trigger_group`) REFERENCES `qrtz_triggers` (`sched_name`, `trigger_name`, `trigger_group`) ON DELETE RESTRICT ON UPDATE RESTRICT
) ENGINE = InnoDB CHARACTER SET = utf8 COLLATE = utf8_general_ci ROW_FORMAT = Dynamic;

-- ----------------------------
-- Table structure for qrtz_fired_triggers
-- ----------------------------
DROP TABLE IF EXISTS `qrtz_fired_triggers`;
CREATE TABLE `qrtz_fired_triggers`  (
  `sched_name` varchar(120) CHARACTER SET utf8 COLLATE utf8_general_ci NOT NULL,
  `entry_id` varchar(95) CHARACTER SET utf8 COLLATE utf8_general_ci NOT NULL,
  `trigger_name` varchar(200) CHARACTER SET utf8 COLLATE utf8_general_ci NOT NULL,
  `trigger_group` varchar(200) CHARACTER SET utf8 COLLATE utf8_general_ci NOT NULL,
  `instance_name` varchar(200) CHARACTER SET utf8 COLLATE utf8_general_ci NOT NULL,
  `fired_time` bigint(13) NOT NULL,
  `sched_time` bigint(13) NOT NULL,
  `priority` int(11) NOT NULL,
  `state` varchar(16) CHARACTER SET utf8 COLLATE utf8_general_ci NOT NULL,
  `job_name` varchar(200) CHARACTER SET utf8 COLLATE utf8_general_ci NULL DEFAULT NULL,
  `job_group` varchar(200) CHARACTER SET utf8 COLLATE utf8_general_ci NULL DEFAULT NULL,
  `is_nonconcurrent` varchar(1) CHARACTER SET utf8 COLLATE utf8_general_ci NULL DEFAULT NULL,
  `requests_recovery` varchar(1) CHARACTER SET utf8 COLLATE utf8_general_ci NULL DEFAULT NULL,
  PRIMARY KEY (`sched_name`, `entry_id`) USING BTREE
) ENGINE = InnoDB CHARACTER SET = utf8 COLLATE = utf8_general_ci ROW_FORMAT = Dynamic;

-- ----------------------------
-- Table structure for qrtz_job_details
-- ----------------------------
DROP TABLE IF EXISTS `qrtz_job_details`;
CREATE TABLE `qrtz_job_details`  (
  `sched_name` varchar(120) CHARACTER SET utf8 COLLATE utf8_general_ci NOT NULL,
  `job_name` varchar(200) CHARACTER SET utf8 COLLATE utf8_general_ci NOT NULL,
  `job_group` varchar(200) CHARACTER SET utf8 COLLATE utf8_general_ci NOT NULL,
  `description` varchar(250) CHARACTER SET utf8 COLLATE utf8_general_ci NULL DEFAULT NULL,
  `job_class_name` varchar(250) CHARACTER SET utf8 COLLATE utf8_general_ci NOT NULL,
  `is_durable` varchar(1) CHARACTER SET utf8 COLLATE utf8_general_ci NOT NULL,
  `is_nonconcurrent` varchar(1) CHARACTER SET utf8 COLLATE utf8_general_ci NOT NULL,
  `is_update_data` varchar(1) CHARACTER SET utf8 COLLATE utf8_general_ci NOT NULL,
  `requests_recovery` varchar(1) CHARACTER SET utf8 COLLATE utf8_general_ci NOT NULL,
  `job_data` blob NULL,
  PRIMARY KEY (`sched_name`, `job_name`, `job_group`) USING BTREE
) ENGINE = InnoDB CHARACTER SET = utf8 COLLATE = utf8_general_ci ROW_FORMAT = Dynamic;

-- ----------------------------
-- Table structure for qrtz_locks
-- ----------------------------
DROP TABLE IF EXISTS `qrtz_locks`;
CREATE TABLE `qrtz_locks`  (
  `sched_name` varchar(120) CHARACTER SET utf8 COLLATE utf8_general_ci NOT NULL,
  `lock_name` varchar(40) CHARACTER SET utf8 COLLATE utf8_general_ci NOT NULL,
  PRIMARY KEY (`sched_name`, `lock_name`) USING BTREE
) ENGINE = InnoDB CHARACTER SET = utf8 COLLATE = utf8_general_ci ROW_FORMAT = Dynamic;

-- ----------------------------
-- Table structure for qrtz_paused_trigger_grps
-- ----------------------------
DROP TABLE IF EXISTS `qrtz_paused_trigger_grps`;
CREATE TABLE `qrtz_paused_trigger_grps`  (
  `sched_name` varchar(120) CHARACTER SET utf8 COLLATE utf8_general_ci NOT NULL,
  `trigger_group` varchar(200) CHARACTER SET utf8 COLLATE utf8_general_ci NOT NULL,
  PRIMARY KEY (`sched_name`, `trigger_group`) USING BTREE
) ENGINE = InnoDB CHARACTER SET = utf8 COLLATE = utf8_general_ci ROW_FORMAT = Dynamic;

-- ----------------------------
-- Table structure for qrtz_scheduler_state
-- ----------------------------
DROP TABLE IF EXISTS `qrtz_scheduler_state`;
CREATE TABLE `qrtz_scheduler_state`  (
  `sched_name` varchar(120) CHARACTER SET utf8 COLLATE utf8_general_ci NOT NULL,
  `instance_name` varchar(200) CHARACTER SET utf8 COLLATE utf8_general_ci NOT NULL,
  `last_checkin_time` bigint(13) NOT NULL,
  `checkin_interval` bigint(13) NOT NULL,
  PRIMARY KEY (`sched_name`, `instance_name`) USING BTREE
) ENGINE = InnoDB CHARACTER SET = utf8 COLLATE = utf8_general_ci ROW_FORMAT = Dynamic;

-- ----------------------------
-- Records of qrtz_scheduler_state
-- ----------------------------
INSERT INTO `qrtz_scheduler_state` VALUES ('ishareScheduler', '1565080025319', 1565080913971, 15000);

-- ----------------------------
-- Table structure for qrtz_simple_triggers
-- ----------------------------
DROP TABLE IF EXISTS `qrtz_simple_triggers`;
CREATE TABLE `qrtz_simple_triggers`  (
  `sched_name` varchar(120) CHARACTER SET utf8 COLLATE utf8_general_ci NOT NULL,
  `trigger_name` varchar(200) CHARACTER SET utf8 COLLATE utf8_general_ci NOT NULL,
  `trigger_group` varchar(200) CHARACTER SET utf8 COLLATE utf8_general_ci NOT NULL,
  `repeat_count` bigint(7) NOT NULL,
  `repeat_interval` bigint(12) NOT NULL,
  `times_triggered` bigint(10) NOT NULL,
  PRIMARY KEY (`sched_name`, `trigger_name`, `trigger_group`) USING BTREE,
  CONSTRAINT `qrtz_simple_triggers_ibfk_1` FOREIGN KEY (`sched_name`, `trigger_name`, `trigger_group`) REFERENCES `qrtz_triggers` (`sched_name`, `trigger_name`, `trigger_group`) ON DELETE RESTRICT ON UPDATE RESTRICT
) ENGINE = InnoDB CHARACTER SET = utf8 COLLATE = utf8_general_ci ROW_FORMAT = Dynamic;

-- ----------------------------
-- Table structure for qrtz_simprop_triggers
-- ----------------------------
DROP TABLE IF EXISTS `qrtz_simprop_triggers`;
CREATE TABLE `qrtz_simprop_triggers`  (
  `sched_name` varchar(120) CHARACTER SET utf8 COLLATE utf8_general_ci NOT NULL,
  `trigger_name` varchar(200) CHARACTER SET utf8 COLLATE utf8_general_ci NOT NULL,
  `trigger_group` varchar(200) CHARACTER SET utf8 COLLATE utf8_general_ci NOT NULL,
  `str_prop_1` varchar(512) CHARACTER SET utf8 COLLATE utf8_general_ci NULL DEFAULT NULL,
  `str_prop_2` varchar(512) CHARACTER SET utf8 COLLATE utf8_general_ci NULL DEFAULT NULL,
  `str_prop_3` varchar(512) CHARACTER SET utf8 COLLATE utf8_general_ci NULL DEFAULT NULL,
  `int_prop_1` int(11) NULL DEFAULT NULL,
  `int_prop_2` int(11) NULL DEFAULT NULL,
  `long_prop_1` bigint(20) NULL DEFAULT NULL,
  `long_prop_2` bigint(20) NULL DEFAULT NULL,
  `dec_prop_1` decimal(13, 4) NULL DEFAULT NULL,
  `dec_prop_2` decimal(13, 4) NULL DEFAULT NULL,
  `bool_prop_1` varchar(1) CHARACTER SET utf8 COLLATE utf8_general_ci NULL DEFAULT NULL,
  `bool_prop_2` varchar(1) CHARACTER SET utf8 COLLATE utf8_general_ci NULL DEFAULT NULL,
  PRIMARY KEY (`sched_name`, `trigger_name`, `trigger_group`) USING BTREE,
  CONSTRAINT `qrtz_simprop_triggers_ibfk_1` FOREIGN KEY (`sched_name`, `trigger_name`, `trigger_group`) REFERENCES `qrtz_triggers` (`sched_name`, `trigger_name`, `trigger_group`) ON DELETE RESTRICT ON UPDATE RESTRICT
) ENGINE = InnoDB CHARACTER SET = utf8 COLLATE = utf8_general_ci ROW_FORMAT = Dynamic;

-- ----------------------------
-- Table structure for qrtz_triggers
-- ----------------------------
DROP TABLE IF EXISTS `qrtz_triggers`;
CREATE TABLE `qrtz_triggers`  (
  `sched_name` varchar(120) CHARACTER SET utf8 COLLATE utf8_general_ci NOT NULL,
  `trigger_name` varchar(200) CHARACTER SET utf8 COLLATE utf8_general_ci NOT NULL,
  `trigger_group` varchar(200) CHARACTER SET utf8 COLLATE utf8_general_ci NOT NULL,
  `job_name` varchar(200) CHARACTER SET utf8 COLLATE utf8_general_ci NOT NULL,
  `job_group` varchar(200) CHARACTER SET utf8 COLLATE utf8_general_ci NOT NULL,
  `description` varchar(250) CHARACTER SET utf8 COLLATE utf8_general_ci NULL DEFAULT NULL,
  `next_fire_time` bigint(13) NULL DEFAULT NULL,
  `prev_fire_time` bigint(13) NULL DEFAULT NULL,
  `priority` int(11) NULL DEFAULT NULL,
  `trigger_state` varchar(16) CHARACTER SET utf8 COLLATE utf8_general_ci NOT NULL,
  `trigger_type` varchar(8) CHARACTER SET utf8 COLLATE utf8_general_ci NOT NULL,
  `start_time` bigint(13) NOT NULL,
  `end_time` bigint(13) NULL DEFAULT NULL,
  `calendar_name` varchar(200) CHARACTER SET utf8 COLLATE utf8_general_ci NULL DEFAULT NULL,
  `misfire_instr` smallint(2) NULL DEFAULT NULL,
  `job_data` blob NULL,
  PRIMARY KEY (`sched_name`, `trigger_name`, `trigger_group`) USING BTREE,
  INDEX `sched_name`(`sched_name`, `job_name`, `job_group`) USING BTREE,
  CONSTRAINT `qrtz_triggers_ibfk_1` FOREIGN KEY (`sched_name`, `job_name`, `job_group`) REFERENCES `qrtz_job_details` (`sched_name`, `job_name`, `job_group`) ON DELETE RESTRICT ON UPDATE RESTRICT
) ENGINE = InnoDB CHARACTER SET = utf8 COLLATE = utf8_general_ci ROW_FORMAT = Dynamic;

-- ----------------------------
-- Table structure for sys_config
-- ----------------------------
DROP TABLE IF EXISTS `sys_config`;
CREATE TABLE `sys_config`  (
  `config_id` int(5) NOT NULL AUTO_INCREMENT COMMENT '',
  `config_name` varchar(100) CHARACTER SET utf8 COLLATE utf8_general_ci NULL DEFAULT '' COMMENT '',
  `config_key` varchar(100) CHARACTER SET utf8 COLLATE utf8_general_ci NULL DEFAULT '' COMMENT '',
  `config_value` varchar(100) CHARACTER SET utf8 COLLATE utf8_general_ci NULL DEFAULT '' COMMENT '',
  `config_type` char(1) CHARACTER SET utf8 COLLATE utf8_general_ci NULL DEFAULT 'N' COMMENT 'Y N',
  `create_by` varchar(64) CHARACTER SET utf8 COLLATE utf8_general_ci NULL DEFAULT '' COMMENT '',
  `create_time` datetime(0) NULL DEFAULT NULL COMMENT '',
  `update_by` varchar(64) CHARACTER SET utf8 COLLATE utf8_general_ci NULL DEFAULT '' COMMENT '',
  `update_time` datetime(0) NULL DEFAULT NULL COMMENT '',
  `remark` varchar(500) CHARACTER SET utf8 COLLATE utf8_general_ci NULL DEFAULT '' COMMENT '',
  PRIMARY KEY (`config_id`) USING BTREE
) ENGINE = InnoDB AUTO_INCREMENT = 3 CHARACTER SET = utf8 COLLATE = utf8_general_ci COMMENT = '' ROW_FORMAT = Dynamic;

-- ----------------------------
-- Records of sys_config
-- ----------------------------
INSERT INTO `sys_config` VALUES (1, '-', 'sys.index.skinName', 'skin-default', 'Y', 'admin', '2018-03-16 11:33:00', 'ry', '2018-03-16 11:33:00', ' skin-default skin-blue skin-yellow');
INSERT INTO `sys_config` VALUES (2, '-', 'sys.user.initPassword', '123456', 'Y', 'admin', '2018-03-16 11:33:00', 'ry', '2018-03-16 11:33:00', ' 123456');

-- ----------------------------
-- Table structure for sys_dept
-- ----------------------------
DROP TABLE IF EXISTS `sys_dept`;
CREATE TABLE `sys_dept`  (
  `dept_id` int(11) NOT NULL AUTO_INCREMENT COMMENT 'id',
  `parent_id` int(11) NULL DEFAULT 0 COMMENT 'id',
  `ancestors` varchar(50) CHARACTER SET utf8 COLLATE utf8_general_ci NULL DEFAULT '' COMMENT '',
  `dept_name` varchar(30) CHARACTER SET utf8 COLLATE utf8_general_ci NULL DEFAULT '' COMMENT '',
  `order_num` int(4) NULL DEFAULT 0 COMMENT '',
  `leader` varchar(20) CHARACTER SET utf8 COLLATE utf8_general_ci NULL DEFAULT '' COMMENT '',
  `phone` varchar(11) CHARACTER SET utf8 COLLATE utf8_general_ci NULL DEFAULT '' COMMENT '',
  `email` varchar(50) CHARACTER SET utf8 COLLATE utf8_general_ci NULL DEFAULT '' COMMENT '',
  `status` char(1) CHARACTER SET utf8 COLLATE utf8_general_ci NULL DEFAULT '0' COMMENT '0 1',
  `del_flag` char(1) CHARACTER SET utf8 COLLATE utf8_general_ci NULL DEFAULT '0' COMMENT '0 2',
  `create_by` varchar(64) CHARACTER SET utf8 COLLATE utf8_general_ci NULL DEFAULT '' COMMENT '',
  `create_time` datetime(0) NULL DEFAULT NULL COMMENT '',
  `update_by` varchar(64) CHARACTER SET utf8 COLLATE utf8_general_ci NULL DEFAULT '' COMMENT '',
  `update_time` datetime(0) NULL DEFAULT NULL COMMENT '',
  PRIMARY KEY (`dept_id`) USING BTREE
) ENGINE = InnoDB AUTO_INCREMENT = 209 CHARACTER SET = utf8 COLLATE = utf8_general_ci COMMENT = '' ROW_FORMAT = Dynamic;

-- ----------------------------
-- Records of sys_dept
-- ----------------------------
INSERT INTO `sys_dept` VALUES (100, 0, '0', '', 0, 'admin', '15888888888', 'admin@qq.com', '0', '0', 'admin', '2018-03-16 11:33:00', 'admin', '2019-08-06 16:11:17');
INSERT INTO `sys_dept` VALUES (101, 100, '0,100', '', 1, 'admin', '15888888888', 'admin@qq.com', '0', '0', 'admin', '2018-03-16 11:33:00', 'admin', '2019-08-06 16:11:17');
INSERT INTO `sys_dept` VALUES (102, 100, '0,100', '', 2, 'admin', '15888888888', 'admin@qq.com', '0', '0', 'admin', '2018-03-16 11:33:00', 'admin', '2018-03-16 11:33:00');
INSERT INTO `sys_dept` VALUES (103, 101, '0,100,101', '', 1, 'admin', '15888888888', 'admin@qq.com', '0', '0', 'admin', '2018-03-16 11:33:00', 'admin', '2019-08-06 16:11:17');
INSERT INTO `sys_dept` VALUES (104, 101, '0,100,101', '', 2, 'admin', '15888888888', 'admin@qq.com', '0', '0', 'admin', '2018-03-16 11:33:00', 'admin', '2018-03-16 11:33:00');
INSERT INTO `sys_dept` VALUES (105, 101, '0,100,101', '', 3, 'admin', '15888888888', 'admin@qq.com', '0', '0', 'admin', '2018-03-16 11:33:00', 'admin', '2018-03-16 11:33:00');
INSERT INTO `sys_dept` VALUES (106, 101, '0,100,101', '', 4, 'admin', '15888888888', 'admin@qq.com', '0', '0', 'admin', '2018-03-16 11:33:00', 'admin', '2018-03-16 11:33:00');
INSERT INTO `sys_dept` VALUES (107, 101, '0,100,101', '', 5, 'admin', '15888888888', 'admin@qq.com', '0', '0', 'admin', '2018-03-16 11:33:00', 'admin', '2018-03-16 11:33:00');
INSERT INTO `sys_dept` VALUES (108, 102, '0,100,102', '', 1, 'admin', '15888888888', 'admin@qq.com', '0', '0', 'admin', '2018-03-16 11:33:00', 'admin', '2018-03-16 11:33:00');
INSERT INTO `sys_dept` VALUES (109, 102, '0,100,102', '', 2, 'admin', '15888888888', 'admin@qq.com', '0', '0', 'admin', '2018-03-16 11:33:00', 'admin', '2018-03-16 11:33:00');

-- ----------------------------
-- Table structure for sys_dict_data
-- ----------------------------
DROP TABLE IF EXISTS `sys_dict_data`;
CREATE TABLE `sys_dict_data`  (
  `dict_code` int(11) NOT NULL AUTO_INCREMENT COMMENT '',
  `dict_sort` int(4) NULL DEFAULT 0 COMMENT '',
  `dict_label` varchar(100) CHARACTER SET utf8 COLLATE utf8_general_ci NULL DEFAULT '' COMMENT '',
  `dict_value` varchar(100) CHARACTER SET utf8 COLLATE utf8_general_ci NULL DEFAULT '' COMMENT '',
  `dict_type` varchar(100) CHARACTER SET utf8 COLLATE utf8_general_ci NULL DEFAULT '' COMMENT '',
  `css_class` varchar(100) CHARACTER SET utf8 COLLATE utf8_general_ci NULL DEFAULT '' COMMENT '',
  `list_class` varchar(100) CHARACTER SET utf8 COLLATE utf8_general_ci NULL DEFAULT '' COMMENT '',
  `is_default` char(1) CHARACTER SET utf8 COLLATE utf8_general_ci NULL DEFAULT 'N' COMMENT 'Y N',
  `status` char(1) CHARACTER SET utf8 COLLATE utf8_general_ci NULL DEFAULT '0' COMMENT '0 1',
  `create_by` varchar(64) CHARACTER SET utf8 COLLATE utf8_general_ci NULL DEFAULT '' COMMENT '',
  `create_time` datetime(0) NULL DEFAULT NULL COMMENT '',
  `update_by` varchar(64) CHARACTER SET utf8 COLLATE utf8_general_ci NULL DEFAULT '' COMMENT '',
  `update_time` datetime(0) NULL DEFAULT NULL COMMENT '',
  `remark` varchar(500) CHARACTER SET utf8 COLLATE utf8_general_ci NULL DEFAULT '' COMMENT '',
  PRIMARY KEY (`dict_code`) USING BTREE
) ENGINE = InnoDB AUTO_INCREMENT = 109 CHARACTER SET = utf8 COLLATE = utf8_general_ci COMMENT = '' ROW_FORMAT = Dynamic;

-- ----------------------------
-- Records of sys_dict_data
-- ----------------------------
INSERT INTO `sys_dict_data` VALUES (1, 1, '', '0', 'sys_user_sex', '', '', 'Y', '0', 'admin', '2018-03-16 11:33:00', 'admin', '2018-03-16 11:33:00', '');
INSERT INTO `sys_dict_data` VALUES (2, 2, '', '1', 'sys_user_sex', '', '', 'N', '0', 'admin', '2018-03-16 11:33:00', 'admin', '2018-03-16 11:33:00', '');
INSERT INTO `sys_dict_data` VALUES (3, 3, '', '2', 'sys_user_sex', '', '', 'N', '0', 'admin', '2018-03-16 11:33:00', 'admin', '2018-03-16 11:33:00', '');
INSERT INTO `sys_dict_data` VALUES (4, 1, '', '0', 'sys_show_hide', '', 'primary', 'Y', '0', 'admin', '2018-03-16 11:33:00', 'admin', '2018-03-16 11:33:00', '');
INSERT INTO `sys_dict_data` VALUES (5, 2, '', '1', 'sys_show_hide', '', 'danger', 'N', '0', 'admin', '2018-03-16 11:33:00', 'admin', '2018-03-16 11:33:00', '');
INSERT INTO `sys_dict_data` VALUES (6, 1, '', '0', 'sys_normal_disable', '', 'primary', 'Y', '0', 'admin', '2018-03-16 11:33:00', 'admin', '2018-03-16 11:33:00', '');
INSERT INTO `sys_dict_data` VALUES (7, 2, '', '1', 'sys_normal_disable', '', 'danger', 'N', '0', 'admin', '2018-03-16 11:33:00', 'admin', '2018-03-16 11:33:00', '');
INSERT INTO `sys_dict_data` VALUES (8, 1, '', '0', 'sys_job_status', '', 'primary', 'Y', '0', 'admin', '2018-03-16 11:33:00', 'admin', '2018-03-16 11:33:00', '');
INSERT INTO `sys_dict_data` VALUES (9, 2, '', '1', 'sys_job_status', '', 'danger', 'N', '0', 'admin', '2018-03-16 11:33:00', 'admin', '2018-03-16 11:33:00', '');
INSERT INTO `sys_dict_data` VALUES (10, 1, '', 'Y', 'sys_yes_no', '', 'primary', 'Y', '0', 'admin', '2018-03-16 11:33:00', 'admin', '2018-03-16 11:33:00', '');
INSERT INTO `sys_dict_data` VALUES (11, 2, '', 'N', 'sys_yes_no', '', 'danger', 'N', '0', 'admin', '2018-03-16 11:33:00', 'admin', '2018-03-16 11:33:00', '');
INSERT INTO `sys_dict_data` VALUES (12, 1, '', '1', 'sys_notice_type', '', 'warning', 'Y', '0', 'admin', '2018-03-16 11:33:00', 'admin', '2018-03-16 11:33:00', '');
INSERT INTO `sys_dict_data` VALUES (13, 2, '', '2', 'sys_notice_type', '', 'success', 'N', '0', 'admin', '2018-03-16 11:33:00', 'admin', '2018-03-16 11:33:00', '');
INSERT INTO `sys_dict_data` VALUES (14, 1, '', '0', 'sys_notice_status', '', 'primary', 'Y', '0', 'admin', '2018-03-16 11:33:00', 'admin', '2018-03-16 11:33:00', '');
INSERT INTO `sys_dict_data` VALUES (15, 2, '', '1', 'sys_notice_status', '', 'danger', 'N', '0', 'admin', '2018-03-16 11:33:00', 'admin', '2018-03-16 11:33:00', '');
INSERT INTO `sys_dict_data` VALUES (16, 1, '', '1', 'sys_oper_type', '', 'info', 'N', '0', 'admin', '2018-03-16 11:33:00', 'admin', '2018-03-16 11:33:00', '');
INSERT INTO `sys_dict_data` VALUES (17, 2, '', '2', 'sys_oper_type', '', 'info', 'N', '0', 'admin', '2018-03-16 11:33:00', 'admin', '2018-03-16 11:33:00', '');
INSERT INTO `sys_dict_data` VALUES (18, 3, '', '3', 'sys_oper_type', '', 'danger', 'N', '0', 'admin', '2018-03-16 11:33:00', 'admin', '2018-03-16 11:33:00', '');
INSERT INTO `sys_dict_data` VALUES (19, 4, '', '4', 'sys_oper_type', '', 'primary', 'N', '0', 'admin', '2018-03-16 11:33:00', 'admin', '2018-03-16 11:33:00', '');
INSERT INTO `sys_dict_data` VALUES (20, 5, '', '5', 'sys_oper_type', '', 'warning', 'N', '0', 'admin', '2018-03-16 11:33:00', 'admin', '2018-03-16 11:33:00', '');
INSERT INTO `sys_dict_data` VALUES (21, 6, '', '6', 'sys_oper_type', '', 'warning', 'N', '0', 'admin', '2018-03-16 11:33:00', 'admin', '2018-03-16 11:33:00', '');
INSERT INTO `sys_dict_data` VALUES (22, 7, '', '7', 'sys_oper_type', '', 'danger', 'N', '0', 'admin', '2018-03-16 11:33:00', 'admin', '2018-03-16 11:33:00', '');
INSERT INTO `sys_dict_data` VALUES (23, 8, '', '8', 'sys_oper_type', '', 'warning', 'N', '0', 'admin', '2018-03-16 11:33:00', 'admin', '2018-03-16 11:33:00', '');
INSERT INTO `sys_dict_data` VALUES (24, 8, '', '9', 'sys_oper_type', '', 'danger', 'N', '0', 'admin', '2018-03-16 11:33:00', 'admin', '2018-03-16 11:33:00', '');
INSERT INTO `sys_dict_data` VALUES (25, 1, '', '0', 'sys_common_status', '', 'primary', 'N', '0', 'admin', '2018-03-16 11:33:00', 'admin', '2018-03-16 11:33:00', '');
INSERT INTO `sys_dict_data` VALUES (26, 2, '', '1', 'sys_common_status', '', 'danger', 'N', '0', 'admin', '2018-03-16 11:33:00', 'admin', '2018-03-16 11:33:00', '');

-- ----------------------------
-- Table structure for sys_dict_type
-- ----------------------------
DROP TABLE IF EXISTS `sys_dict_type`;
CREATE TABLE `sys_dict_type`  (
  `dict_id` int(11) NOT NULL AUTO_INCREMENT COMMENT '',
  `dict_name` varchar(100) CHARACTER SET utf8 COLLATE utf8_general_ci NULL DEFAULT '' COMMENT '',
  `dict_type` varchar(100) CHARACTER SET utf8 COLLATE utf8_general_ci NULL DEFAULT '' COMMENT '',
  `status` char(1) CHARACTER SET utf8 COLLATE utf8_general_ci NULL DEFAULT '0' COMMENT '0 1',
  `create_by` varchar(64) CHARACTER SET utf8 COLLATE utf8_general_ci NULL DEFAULT '' COMMENT '',
  `create_time` datetime(0) NULL DEFAULT NULL COMMENT '',
  `update_by` varchar(64) CHARACTER SET utf8 COLLATE utf8_general_ci NULL DEFAULT '' COMMENT '',
  `update_time` datetime(0) NULL DEFAULT NULL COMMENT '',
  `remark` varchar(500) CHARACTER SET utf8 COLLATE utf8_general_ci NULL DEFAULT '' COMMENT '',
  PRIMARY KEY (`dict_id`) USING BTREE,
  UNIQUE INDEX `dict_type`(`dict_type`) USING BTREE
) ENGINE = InnoDB AUTO_INCREMENT = 34 CHARACTER SET = utf8 COLLATE = utf8_general_ci COMMENT = '' ROW_FORMAT = Dynamic;

-- ----------------------------
-- Records of sys_dict_type
-- ----------------------------
INSERT INTO `sys_dict_type` VALUES (1, '', 'sys_user_sex', '0', 'admin', '2018-03-16 11:33:00', 'ry', '2018-03-16 11:33:00', '');
INSERT INTO `sys_dict_type` VALUES (2, '', 'sys_show_hide', '0', 'admin', '2018-03-16 11:33:00', 'ry', '2018-03-16 11:33:00', '');
INSERT INTO `sys_dict_type` VALUES (3, '', 'sys_normal_disable', '0', 'admin', '2018-03-16 11:33:00', 'ry', '2018-03-16 11:33:00', '');
INSERT INTO `sys_dict_type` VALUES (4, '', 'sys_job_status', '0', 'admin', '2018-03-16 11:33:00', 'ry', '2018-03-16 11:33:00', '');
INSERT INTO `sys_dict_type` VALUES (5, '', 'sys_yes_no', '0', 'admin', '2018-03-16 11:33:00', 'ry', '2018-03-16 11:33:00', '');
INSERT INTO `sys_dict_type` VALUES (6, '', 'sys_notice_type', '0', 'admin', '2018-03-16 11:33:00', 'ry', '2018-03-16 11:33:00', '');
INSERT INTO `sys_dict_type` VALUES (7, '', 'sys_notice_status', '0', 'admin', '2018-03-16 11:33:00', 'ry', '2018-03-16 11:33:00', '');
INSERT INTO `sys_dict_type` VALUES (8, '', 'sys_oper_type', '0', 'admin', '2018-03-16 11:33:00', 'ry', '2018-03-16 11:33:00', '');
INSERT INTO `sys_dict_type` VALUES (9, '', 'sys_common_status', '0', 'admin', '2018-03-16 11:33:00', 'ry', '2018-03-16 11:33:00', '');

-- ----------------------------
-- Table structure for sys_job
-- ----------------------------
DROP TABLE IF EXISTS `sys_job`;
CREATE TABLE `sys_job`  (
  `job_id` int(11) NOT NULL AUTO_INCREMENT COMMENT 'ID',
  `job_name` varchar(64) CHARACTER SET utf8 COLLATE utf8_general_ci NOT NULL DEFAULT '' COMMENT '',
  `job_group` varchar(64) CHARACTER SET utf8 COLLATE utf8_general_ci NOT NULL DEFAULT '' COMMENT '',
  `method_name` varchar(500) CHARACTER SET utf8 COLLATE utf8_general_ci NULL DEFAULT '' COMMENT '',
  `method_params` varchar(200) CHARACTER SET utf8 COLLATE utf8_general_ci NULL DEFAULT '' COMMENT '',
  `cron_expression` varchar(255) CHARACTER SET utf8 COLLATE utf8_general_ci NULL DEFAULT '' COMMENT 'cron',
  `misfire_policy` varchar(20) CHARACTER SET utf8 COLLATE utf8_general_ci NULL DEFAULT '3' COMMENT '1 2 3',
  `status` char(1) CHARACTER SET utf8 COLLATE utf8_general_ci NULL DEFAULT '0' COMMENT '0 1',
  `create_by` varchar(64) CHARACTER SET utf8 COLLATE utf8_general_ci NULL DEFAULT '' COMMENT '',
  `create_time` datetime(0) NULL DEFAULT NULL COMMENT '',
  `update_by` varchar(64) CHARACTER SET utf8 COLLATE utf8_general_ci NULL DEFAULT '' COMMENT '',
  `update_time` datetime(0) NULL DEFAULT NULL COMMENT '',
  `remark` varchar(500) CHARACTER SET utf8 COLLATE utf8_general_ci NULL DEFAULT '' COMMENT '',
  PRIMARY KEY (`job_id`, `job_name`, `job_group`) USING BTREE
) ENGINE = InnoDB AUTO_INCREMENT = 6 CHARACTER SET = utf8 COLLATE = utf8_general_ci COMMENT = '' ROW_FORMAT = Dynamic;

-- ----------------------------
-- Table structure for sys_job_log
-- ----------------------------
DROP TABLE IF EXISTS `sys_job_log`;
CREATE TABLE `sys_job_log`  (
  `job_log_id` int(11) NOT NULL AUTO_INCREMENT COMMENT 'ID',
  `job_name` varchar(64) CHARACTER SET utf8 COLLATE utf8_general_ci NOT NULL COMMENT '',
  `job_group` varchar(64) CHARACTER SET utf8 COLLATE utf8_general_ci NOT NULL COMMENT '',
  `method_name` varchar(500) CHARACTER SET utf8 COLLATE utf8_general_ci NULL DEFAULT NULL COMMENT '',
  `method_params` varchar(50) CHARACTER SET utf8 COLLATE utf8_general_ci NULL DEFAULT NULL COMMENT '',
  `job_message` varchar(500) CHARACTER SET utf8 COLLATE utf8_general_ci NULL DEFAULT NULL COMMENT '',
  `status` char(1) CHARACTER SET utf8 COLLATE utf8_general_ci NULL DEFAULT '0' COMMENT '0 1',
  `exception_info` varchar(2000) CHARACTER SET utf8 COLLATE utf8_general_ci NULL DEFAULT '' COMMENT '',
  `create_time` datetime(0) NULL DEFAULT NULL COMMENT '',
  PRIMARY KEY (`job_log_id`) USING BTREE
) ENGINE = InnoDB AUTO_INCREMENT = 356 CHARACTER SET = utf8 COLLATE = utf8_general_ci COMMENT = '' ROW_FORMAT = Dynamic;

-- ----------------------------
-- Table structure for sys_logininfor
-- ----------------------------
DROP TABLE IF EXISTS `sys_logininfor`;
CREATE TABLE `sys_logininfor`  (
  `info_id` int(11) NOT NULL AUTO_INCREMENT COMMENT 'ID',
  `login_name` varchar(50) CHARACTER SET utf8 COLLATE utf8_general_ci NULL DEFAULT '' COMMENT '',
  `ipaddr` varchar(50) CHARACTER SET utf8 COLLATE utf8_general_ci NULL DEFAULT '' COMMENT 'IP',
  `login_location` varchar(255) CHARACTER SET utf8 COLLATE utf8_general_ci NULL DEFAULT '' COMMENT '',
  `browser` varchar(50) CHARACTER SET utf8 COLLATE utf8_general_ci NULL DEFAULT '' COMMENT '',
  `os` varchar(50) CHARACTER SET utf8 COLLATE utf8_general_ci NULL DEFAULT '' COMMENT '',
  `status` char(1) CHARACTER SET utf8 COLLATE utf8_general_ci NULL DEFAULT '0' COMMENT '0 1',
  `msg` varchar(255) CHARACTER SET utf8 COLLATE utf8_general_ci NULL DEFAULT '' COMMENT '',
  `login_time` datetime(0) NULL DEFAULT NULL COMMENT '',
  PRIMARY KEY (`info_id`) USING BTREE
) ENGINE = InnoDB AUTO_INCREMENT = 2127 CHARACTER SET = utf8 COLLATE = utf8_general_ci COMMENT = '' ROW_FORMAT = Dynamic;

-- ----------------------------
-- Records of sys_logininfor
-- ----------------------------
INSERT INTO `sys_logininfor` VALUES (2125, 'admin', '127.0.0.1', 'IP', 'Chrome', 'Windows 10', '0', '', '2019-08-06 16:40:26');
INSERT INTO `sys_logininfor` VALUES (2126, 'admin', '127.0.0.1', 'IP', 'Chrome', 'Windows 10', '0', '', '2019-08-06 16:40:34');

-- ----------------------------
-- Table structure for sys_menu
-- ----------------------------
DROP TABLE IF EXISTS `sys_menu`;
CREATE TABLE `sys_menu`  (
  `menu_id` int(11) NOT NULL AUTO_INCREMENT COMMENT 'ID',
  `menu_name` varchar(50) CHARACTER SET utf8 COLLATE utf8_general_ci NOT NULL COMMENT '',
  `parent_id` int(11) NULL DEFAULT 0 COMMENT 'ID',
  `order_num` int(4) NULL DEFAULT 0 COMMENT '',
  `url` varchar(200) CHARACTER SET utf8 COLLATE utf8_general_ci NULL DEFAULT '#' COMMENT '',
  `menu_type` char(1) CHARACTER SET utf8 COLLATE utf8_general_ci NULL DEFAULT '' COMMENT 'M C F',
  `visible` char(1) CHARACTER SET utf8 COLLATE utf8_general_ci NULL DEFAULT '0' COMMENT '0 1',
  `perms` varchar(100) CHARACTER SET utf8 COLLATE utf8_general_ci NULL DEFAULT '' COMMENT '',
  `icon` varchar(100) CHARACTER SET utf8 COLLATE utf8_general_ci NULL DEFAULT '#' COMMENT '',
  `create_by` varchar(64) CHARACTER SET utf8 COLLATE utf8_general_ci NULL DEFAULT '' COMMENT '',
  `create_time` datetime(0) NULL DEFAULT NULL COMMENT '',
  `update_by` varchar(64) CHARACTER SET utf8 COLLATE utf8_general_ci NULL DEFAULT '' COMMENT '',
  `update_time` datetime(0) NULL DEFAULT NULL COMMENT '',
  `remark` varchar(500) CHARACTER SET utf8 COLLATE utf8_general_ci NULL DEFAULT '' COMMENT '',
  PRIMARY KEY (`menu_id`) USING BTREE
) ENGINE = InnoDB AUTO_INCREMENT = 1164 CHARACTER SET = utf8 COLLATE = utf8_general_ci COMMENT = '' ROW_FORMAT = Dynamic;

-- ----------------------------
-- Records of sys_menu
-- ----------------------------
INSERT INTO `sys_menu` VALUES (1, '', 0, 100, '#', 'M', '0', '', 'fa fa-gear', 'admin', '2018-03-16 11:33:00', 'admin', '2019-01-10 16:50:35', '');
INSERT INTO `sys_menu` VALUES (2, '', 0, 99, '#', 'M', '0', '', 'fa fa-video-camera', 'admin', '2018-03-16 11:33:00', 'admin', '2019-01-10 16:51:05', '');
INSERT INTO `sys_menu` VALUES (3, '', 0, 101, '#', 'M', '0', '', 'fa fa-bars', 'admin', '2018-03-16 11:33:00', 'admin', '2019-01-10 16:51:15', '');
INSERT INTO `sys_menu` VALUES (4, '', 0, 11, '#', 'M', '0', '', 'fa fa-wrench', 'admin', '2018-03-16 11:33:00', 'admin', '2019-03-14 09:54:05', '');
INSERT INTO `sys_menu` VALUES (100, '', 1, 1, '/system/user', 'C', '0', 'system:user:view', '#', 'admin', '2018-03-16 11:33:00', 'ry', '2018-03-16 11:33:00', '');
INSERT INTO `sys_menu` VALUES (101, '', 1, 2, '/system/role', 'C', '0', 'system:role:view', '#', 'admin', '2018-03-16 11:33:00', 'ry', '2018-03-16 11:33:00', '');
INSERT INTO `sys_menu` VALUES (102, '', 1, 3, '/system/menu', 'C', '0', 'system:menu:view', '#', 'admin', '2018-03-16 11:33:00', 'ry', '2018-03-16 11:33:00', '');
INSERT INTO `sys_menu` VALUES (103, '', 1, 4, '/system/dept', 'C', '0', 'system:dept:view', '#', 'admin', '2018-03-16 11:33:00', 'ry', '2018-03-16 11:33:00', '');
INSERT INTO `sys_menu` VALUES (104, '', 1, 5, '/system/post', 'C', '0', 'system:post:view', '#', 'admin', '2018-03-16 11:33:00', 'ry', '2018-03-16 11:33:00', '');
INSERT INTO `sys_menu` VALUES (105, '', 1, 6, '/system/dict', 'C', '0', 'system:dict:view', '#', 'admin', '2018-03-16 11:33:00', 'ry', '2018-03-16 11:33:00', '');
INSERT INTO `sys_menu` VALUES (106, '', 1, 7, '/system/config', 'C', '0', 'system:config:view', '#', 'admin', '2018-03-16 11:33:00', 'ry', '2018-03-16 11:33:00', '');
INSERT INTO `sys_menu` VALUES (107, '', 1, 8, '/system/notice', 'C', '0', 'system:notice:view', '#', 'admin', '2018-03-16 11:33:00', 'ry', '2018-03-16 11:33:00', '');
INSERT INTO `sys_menu` VALUES (108, '', 1, 9, '#', 'M', '0', '', '#', 'admin', '2018-03-16 11:33:00', 'ry', '2018-03-16 11:33:00', '');
INSERT INTO `sys_menu` VALUES (109, '', 2, 1, '/monitor/online', 'C', '0', 'monitor:online:view', '#', 'admin', '2018-03-16 11:33:00', 'ry', '2018-03-16 11:33:00', '');
INSERT INTO `sys_menu` VALUES (110, '', 2, 2, '/monitor/job', 'C', '0', 'monitor:job:view', '#', 'admin', '2018-03-16 11:33:00', 'ry', '2018-03-16 11:33:00', '');
INSERT INTO `sys_menu` VALUES (111, '', 2, 3, '/monitor/data', 'C', '0', 'monitor:data:view', '#', 'admin', '2018-03-16 11:33:00', 'ry', '2018-03-16 11:33:00', '');
INSERT INTO `sys_menu` VALUES (112, '', 2, 3, '/monitor/server', 'C', '0', 'monitor:server:view', '#', 'admin', '2018-03-16 11:33:00', 'ry', '2018-03-16 11:33:00', '');
INSERT INTO `sys_menu` VALUES (113, '', 3, 1, '/tool/build', 'C', '0', 'tool:build:view', '#', 'admin', '2018-03-16 11:33:00', 'ry', '2018-03-16 11:33:00', '');
INSERT INTO `sys_menu` VALUES (114, '', 3, 2, '/tool/gen', 'C', '0', 'tool:gen:view', '#', 'admin', '2018-03-16 11:33:00', 'ry', '2018-03-16 11:33:00', '');
INSERT INTO `sys_menu` VALUES (115, '', 3, 3, '/tool/swagger', 'C', '0', 'tool:swagger:view', '#', 'admin', '2018-03-16 11:33:00', 'ry', '2018-03-16 11:33:00', '');
INSERT INTO `sys_menu` VALUES (116, '', 4, 1, '/activiti/model', 'C', '0', 'activiti:model:view', '#', 'admin', '2018-03-16 11:33:00', 'admin', '2018-03-16 11:33:00', '');
INSERT INTO `sys_menu` VALUES (117, '', 4, 3, '/activiti/process', 'C', '0', 'activiti:process:view', '#', 'admin', '2018-03-16 11:33:00', 'admin', '2018-03-16 11:33:00', '');
INSERT INTO `sys_menu` VALUES (500, '', 108, 1, '/monitor/operlog', 'C', '0', 'monitor:operlog:view', '#', 'admin', '2018-03-16 11:33:00', 'ry', '2018-03-16 11:33:00', '');
INSERT INTO `sys_menu` VALUES (501, '', 108, 2, '/monitor/logininfor', 'C', '0', 'monitor:logininfor:view', '#', 'admin', '2018-03-16 11:33:00', 'ry', '2018-03-16 11:33:00', '');
INSERT INTO `sys_menu` VALUES (1000, '', 100, 1, '#', 'F', '0', 'system:user:list', '#', 'admin', '2018-03-16 11:33:00', 'ry', '2018-03-16 11:33:00', '');
INSERT INTO `sys_menu` VALUES (1001, '', 100, 2, '#', 'F', '0', 'system:user:add', '#', 'admin', '2018-03-16 11:33:00', 'ry', '2018-03-16 11:33:00', '');
INSERT INTO `sys_menu` VALUES (1002, '', 100, 3, '#', 'F', '0', 'system:user:edit', '#', 'admin', '2018-03-16 11:33:00', 'ry', '2018-03-16 11:33:00', '');
INSERT INTO `sys_menu` VALUES (1003, '', 100, 4, '#', 'F', '0', 'system:user:remove', '#', 'admin', '2018-03-16 11:33:00', 'ry', '2018-03-16 11:33:00', '');
INSERT INTO `sys_menu` VALUES (1004, '', 100, 5, '#', 'F', '0', 'system:user:export', '#', 'admin', '2018-03-16 11:33:00', 'ry', '2018-03-16 11:33:00', '');
INSERT INTO `sys_menu` VALUES (1005, '', 100, 6, '#', 'F', '0', 'system:user:resetPwd', '#', 'admin', '2018-03-16 11:33:00', 'ry', '2018-03-16 11:33:00', '');
INSERT INTO `sys_menu` VALUES (1006, '', 101, 1, '#', 'F', '0', 'system:role:list', '#', 'admin', '2018-03-16 11:33:00', 'ry', '2018-03-16 11:33:00', '');
INSERT INTO `sys_menu` VALUES (1007, '', 101, 2, '#', 'F', '0', 'system:role:add', '#', 'admin', '2018-03-16 11:33:00', 'ry', '2018-03-16 11:33:00', '');
INSERT INTO `sys_menu` VALUES (1008, '', 101, 3, '#', 'F', '0', 'system:role:edit', '#', 'admin', '2018-03-16 11:33:00', 'ry', '2018-03-16 11:33:00', '');
INSERT INTO `sys_menu` VALUES (1009, '', 101, 4, '#', 'F', '0', 'system:role:remove', '#', 'admin', '2018-03-16 11:33:00', 'ry', '2018-03-16 11:33:00', '');
INSERT INTO `sys_menu` VALUES (1010, '', 101, 5, '#', 'F', '0', 'system:role:export', '#', 'admin', '2018-03-16 11:33:00', 'ry', '2018-03-16 11:33:00', '');
INSERT INTO `sys_menu` VALUES (1011, '', 102, 1, '#', 'F', '0', 'system:menu:list', '#', 'admin', '2018-03-16 11:33:00', 'ry', '2018-03-16 11:33:00', '');
INSERT INTO `sys_menu` VALUES (1012, '', 102, 2, '#', 'F', '0', 'system:menu:add', '#', 'admin', '2018-03-16 11:33:00', 'ry', '2018-03-16 11:33:00', '');
INSERT INTO `sys_menu` VALUES (1013, '', 102, 3, '#', 'F', '0', 'system:menu:edit', '#', 'admin', '2018-03-16 11:33:00', 'ry', '2018-03-16 11:33:00', '');
INSERT INTO `sys_menu` VALUES (1014, '', 102, 4, '#', 'F', '0', 'system:menu:remove', '#', 'admin', '2018-03-16 11:33:00', 'ry', '2018-03-16 11:33:00', '');
INSERT INTO `sys_menu` VALUES (1015, '', 103, 1, '#', 'F', '0', 'system:dept:list', '#', 'admin', '2018-03-16 11:33:00', 'ry', '2018-03-16 11:33:00', '');
INSERT INTO `sys_menu` VALUES (1016, '', 103, 2, '#', 'F', '0', 'system:dept:add', '#', 'admin', '2018-03-16 11:33:00', 'ry', '2018-03-16 11:33:00', '');
INSERT INTO `sys_menu` VALUES (1017, '', 103, 3, '#', 'F', '0', 'system:dept:edit', '#', 'admin', '2018-03-16 11:33:00', 'ry', '2018-03-16 11:33:00', '');
INSERT INTO `sys_menu` VALUES (1018, '', 103, 4, '#', 'F', '0', 'system:dept:remove', '#', 'admin', '2018-03-16 11:33:00', 'ry', '2018-03-16 11:33:00', '');
INSERT INTO `sys_menu` VALUES (1019, '', 104, 1, '#', 'F', '0', 'system:post:list', '#', 'admin', '2018-03-16 11:33:00', 'ry', '2018-03-16 11:33:00', '');
INSERT INTO `sys_menu` VALUES (1020, '', 104, 2, '#', 'F', '0', 'system:post:add', '#', 'admin', '2018-03-16 11:33:00', 'ry', '2018-03-16 11:33:00', '');
INSERT INTO `sys_menu` VALUES (1021, '', 104, 3, '#', 'F', '0', 'system:post:edit', '#', 'admin', '2018-03-16 11:33:00', 'ry', '2018-03-16 11:33:00', '');
INSERT INTO `sys_menu` VALUES (1022, '', 104, 4, '#', 'F', '0', 'system:post:remove', '#', 'admin', '2018-03-16 11:33:00', 'ry', '2018-03-16 11:33:00', '');
INSERT INTO `sys_menu` VALUES (1023, '', 104, 5, '#', 'F', '0', 'system:post:export', '#', 'admin', '2018-03-16 11:33:00', 'ry', '2018-03-16 11:33:00', '');
INSERT INTO `sys_menu` VALUES (1024, '', 105, 1, '#', 'F', '0', 'system:dict:list', '#', 'admin', '2018-03-16 11:33:00', 'ry', '2018-03-16 11:33:00', '');
INSERT INTO `sys_menu` VALUES (1025, '', 105, 2, '#', 'F', '0', 'system:dict:add', '#', 'admin', '2018-03-16 11:33:00', 'ry', '2018-03-16 11:33:00', '');
INSERT INTO `sys_menu` VALUES (1026, '', 105, 3, '#', 'F', '0', 'system:dict:edit', '#', 'admin', '2018-03-16 11:33:00', 'ry', '2018-03-16 11:33:00', '');
INSERT INTO `sys_menu` VALUES (1027, '', 105, 4, '#', 'F', '0', 'system:dict:remove', '#', 'admin', '2018-03-16 11:33:00', 'ry', '2018-03-16 11:33:00', '');
INSERT INTO `sys_menu` VALUES (1028, '', 105, 5, '#', 'F', '0', 'system:dict:export', '#', 'admin', '2018-03-16 11:33:00', 'ry', '2018-03-16 11:33:00', '');
INSERT INTO `sys_menu` VALUES (1029, '', 106, 1, '#', 'F', '0', 'system:config:list', '#', 'admin', '2018-03-16 11:33:00', 'ry', '2018-03-16 11:33:00', '');
INSERT INTO `sys_menu` VALUES (1030, '', 106, 2, '#', 'F', '0', 'system:config:add', '#', 'admin', '2018-03-16 11:33:00', 'ry', '2018-03-16 11:33:00', '');
INSERT INTO `sys_menu` VALUES (1031, '', 106, 3, '#', 'F', '0', 'system:config:edit', '#', 'admin', '2018-03-16 11:33:00', 'ry', '2018-03-16 11:33:00', '');
INSERT INTO `sys_menu` VALUES (1032, '', 106, 4, '#', 'F', '0', 'system:config:remove', '#', 'admin', '2018-03-16 11:33:00', 'ry', '2018-03-16 11:33:00', '');
INSERT INTO `sys_menu` VALUES (1033, '', 106, 5, '#', 'F', '0', 'system:config:export', '#', 'admin', '2018-03-16 11:33:00', 'ry', '2018-03-16 11:33:00', '');
INSERT INTO `sys_menu` VALUES (1034, '', 107, 1, '#', 'F', '0', 'system:notice:list', '#', 'admin', '2018-03-16 11:33:00', 'ry', '2018-03-16 11:33:00', '');
INSERT INTO `sys_menu` VALUES (1035, '', 107, 2, '#', 'F', '0', 'system:notice:add', '#', 'admin', '2018-03-16 11:33:00', 'ry', '2018-03-16 11:33:00', '');
INSERT INTO `sys_menu` VALUES (1036, '', 107, 3, '#', 'F', '0', 'system:notice:edit', '#', 'admin', '2018-03-16 11:33:00', 'ry', '2018-03-16 11:33:00', '');
INSERT INTO `sys_menu` VALUES (1037, '', 107, 4, '#', 'F', '0', 'system:notice:remove', '#', 'admin', '2018-03-16 11:33:00', 'ry', '2018-03-16 11:33:00', '');
INSERT INTO `sys_menu` VALUES (1038, '', 500, 1, '#', 'F', '0', 'monitor:operlog:list', '#', 'admin', '2018-03-16 11:33:00', 'ry', '2018-03-16 11:33:00', '');
INSERT INTO `sys_menu` VALUES (1039, '', 500, 2, '#', 'F', '0', 'monitor:operlog:remove', '#', 'admin', '2018-03-16 11:33:00', 'ry', '2018-03-16 11:33:00', '');
INSERT INTO `sys_menu` VALUES (1040, '', 500, 3, '#', 'F', '0', 'monitor:operlog:detail', '#', 'admin', '2018-03-16 11:33:00', 'ry', '2018-03-16 11:33:00', '');
INSERT INTO `sys_menu` VALUES (1041, '', 500, 4, '#', 'F', '0', 'monitor:operlog:export', '#', 'admin', '2018-03-16 11:33:00', 'ry', '2018-03-16 11:33:00', '');
INSERT INTO `sys_menu` VALUES (1042, '', 501, 1, '#', 'F', '0', 'monitor:logininfor:list', '#', 'admin', '2018-03-16 11:33:00', 'ry', '2018-03-16 11:33:00', '');
INSERT INTO `sys_menu` VALUES (1043, '', 501, 2, '#', 'F', '0', 'monitor:logininfor:remove', '#', 'admin', '2018-03-16 11:33:00', 'ry', '2018-03-16 11:33:00', '');
INSERT INTO `sys_menu` VALUES (1044, '', 501, 3, '#', 'F', '0', 'monitor:logininfor:export', '#', 'admin', '2018-03-16 11:33:00', 'ry', '2018-03-16 11:33:00', '');
INSERT INTO `sys_menu` VALUES (1045, '', 109, 1, '#', 'F', '0', 'monitor:online:list', '#', 'admin', '2018-03-16 11:33:00', 'ry', '2018-03-16 11:33:00', '');
INSERT INTO `sys_menu` VALUES (1046, '', 109, 2, '#', 'F', '0', 'monitor:online:batchForceLogout', '#', 'admin', '2018-03-16 11:33:00', 'ry', '2018-03-16 11:33:00', '');
INSERT INTO `sys_menu` VALUES (1047, '', 109, 3, '#', 'F', '0', 'monitor:online:forceLogout', '#', 'admin', '2018-03-16 11:33:00', 'ry', '2018-03-16 11:33:00', '');
INSERT INTO `sys_menu` VALUES (1048, '', 110, 1, '#', 'F', '0', 'monitor:job:list', '#', 'admin', '2018-03-16 11:33:00', 'ry', '2018-03-16 11:33:00', '');
INSERT INTO `sys_menu` VALUES (1049, '', 110, 2, '#', 'F', '0', 'monitor:job:add', '#', 'admin', '2018-03-16 11:33:00', 'ry', '2018-03-16 11:33:00', '');
INSERT INTO `sys_menu` VALUES (1050, '', 110, 3, '#', 'F', '0', 'monitor:job:edit', '#', 'admin', '2018-03-16 11:33:00', 'ry', '2018-03-16 11:33:00', '');
INSERT INTO `sys_menu` VALUES (1051, '', 110, 4, '#', 'F', '0', 'monitor:job:remove', '#', 'admin', '2018-03-16 11:33:00', 'ry', '2018-03-16 11:33:00', '');
INSERT INTO `sys_menu` VALUES (1052, '', 110, 5, '#', 'F', '0', 'monitor:job:changeStatus', '#', 'admin', '2018-03-16 11:33:00', 'ry', '2018-03-16 11:33:00', '');
INSERT INTO `sys_menu` VALUES (1053, '', 110, 6, '#', 'F', '0', 'monitor:job:detail', '#', 'admin', '2018-03-16 11:33:00', 'ry', '2018-03-16 11:33:00', '');
INSERT INTO `sys_menu` VALUES (1054, '', 110, 7, '#', 'F', '0', 'monitor:job:export', '#', 'admin', '2018-03-16 11:33:00', 'ry', '2018-03-16 11:33:00', '');
INSERT INTO `sys_menu` VALUES (1055, '', 114, 1, '#', 'F', '0', 'tool:gen:list', '#', 'admin', '2018-03-16 11:33:00', 'ry', '2018-03-16 11:33:00', '');
INSERT INTO `sys_menu` VALUES (1056, '', 114, 2, '#', 'F', '0', 'tool:gen:code', '#', 'admin', '2018-03-16 11:33:00', 'ry', '2018-03-16 11:33:00', '');

-- ----------------------------
-- Table structure for sys_notice
-- ----------------------------
DROP TABLE IF EXISTS `sys_notice`;
CREATE TABLE `sys_notice`  (
  `notice_id` int(4) NOT NULL AUTO_INCREMENT COMMENT 'ID',
  `notice_title` varchar(50) CHARACTER SET utf8 COLLATE utf8_general_ci NOT NULL COMMENT '',
  `notice_type` char(2) CHARACTER SET utf8 COLLATE utf8_general_ci NOT NULL COMMENT '1 2',
  `notice_content` varchar(500) CHARACTER SET utf8 COLLATE utf8_general_ci NOT NULL COMMENT '',
  `status` char(1) CHARACTER SET utf8 COLLATE utf8_general_ci NULL DEFAULT '0' COMMENT '0 1',
  `create_by` varchar(64) CHARACTER SET utf8 COLLATE utf8_general_ci NULL DEFAULT '' COMMENT '',
  `create_time` datetime(0) NULL DEFAULT NULL COMMENT '',
  `update_by` varchar(64) CHARACTER SET utf8 COLLATE utf8_general_ci NULL DEFAULT '' COMMENT '',
  `update_time` datetime(0) NULL DEFAULT NULL COMMENT '',
  `remark` varchar(255) CHARACTER SET utf8 COLLATE utf8_general_ci NULL DEFAULT '' COMMENT '',
  PRIMARY KEY (`notice_id`) USING BTREE
) ENGINE = InnoDB AUTO_INCREMENT = 3 CHARACTER SET = utf8 COLLATE = utf8_general_ci COMMENT = '' ROW_FORMAT = Dynamic;

-- ----------------------------
-- Records of sys_notice
-- ----------------------------
INSERT INTO `sys_notice` VALUES (1, '2018-07-01 ', '2', '', '0', 'admin', '2018-03-16 11:33:00', 'admin', '2018-12-19 16:17:17', '');
INSERT INTO `sys_notice` VALUES (2, '2018-07-01 ', '1', '', '0', 'admin', '2018-03-16 11:33:00', 'admin', '2018-12-19 16:17:07', '');

-- ----------------------------
-- Table structure for sys_oper_log
-- ----------------------------
DROP TABLE IF EXISTS `sys_oper_log`;
CREATE TABLE `sys_oper_log`  (
  `oper_id` int(11) NOT NULL AUTO_INCREMENT COMMENT '',
  `title` varchar(50) CHARACTER SET utf8 COLLATE utf8_general_ci NULL DEFAULT '' COMMENT '',
  `business_type` int(2) NULL DEFAULT 0 COMMENT '0 1 2 3',
  `method` varchar(100) CHARACTER SET utf8 COLLATE utf8_general_ci NULL DEFAULT '' COMMENT '',
  `operator_type` int(1) NULL DEFAULT 0 COMMENT '0 1 2',
  `oper_name` varchar(50) CHARACTER SET utf8 COLLATE utf8_general_ci NULL DEFAULT '' COMMENT '',
  `dept_name` varchar(50) CHARACTER SET utf8 COLLATE utf8_general_ci NULL DEFAULT '' COMMENT '',
  `oper_url` varchar(255) CHARACTER SET utf8 COLLATE utf8_general_ci NULL DEFAULT '' COMMENT 'URL',
  `oper_ip` varchar(50) CHARACTER SET utf8 COLLATE utf8_general_ci NULL DEFAULT '' COMMENT '',
  `oper_location` varchar(255) CHARACTER SET utf8 COLLATE utf8_general_ci NULL DEFAULT '' COMMENT '',
  `oper_param` varchar(255) CHARACTER SET utf8 COLLATE utf8_general_ci NULL DEFAULT '' COMMENT '',
  `status` int(1) NULL DEFAULT 0 COMMENT '0 1',
  `error_msg` varchar(2000) CHARACTER SET utf8 COLLATE utf8_general_ci NULL DEFAULT '' COMMENT '',
  `oper_time` datetime(0) NULL DEFAULT NULL COMMENT '',
  PRIMARY KEY (`oper_id`) USING BTREE
) ENGINE = InnoDB AUTO_INCREMENT = 1174 CHARACTER SET = utf8 COLLATE = utf8_general_ci COMMENT = '' ROW_FORMAT = Dynamic;

-- ----------------------------
-- Table structure for sys_post
-- ----------------------------
DROP TABLE IF EXISTS `sys_post`;
CREATE TABLE `sys_post`  (
  `post_id` int(11) NOT NULL AUTO_INCREMENT COMMENT 'ID',
  `post_code` varchar(64) CHARACTER SET utf8 COLLATE utf8_general_ci NOT NULL COMMENT '',
  `post_name` varchar(50) CHARACTER SET utf8 COLLATE utf8_general_ci NOT NULL COMMENT '',
  `post_sort` int(4) NOT NULL COMMENT '',
  `status` char(1) CHARACTER SET utf8 COLLATE utf8_general_ci NOT NULL COMMENT '0 1',
  `create_by` varchar(64) CHARACTER SET utf8 COLLATE utf8_general_ci NULL DEFAULT '' COMMENT '',
  `create_time` datetime(0) NULL DEFAULT NULL COMMENT '',
  `update_by` varchar(64) CHARACTER SET utf8 COLLATE utf8_general_ci NULL DEFAULT '' COMMENT '',
  `update_time` datetime(0) NULL DEFAULT NULL COMMENT '',
  `remark` varchar(500) CHARACTER SET utf8 COLLATE utf8_general_ci NULL DEFAULT '' COMMENT '',
  PRIMARY KEY (`post_id`) USING BTREE
) ENGINE = InnoDB AUTO_INCREMENT = 10 CHARACTER SET = utf8 COLLATE = utf8_general_ci COMMENT = '' ROW_FORMAT = Dynamic;

-- ----------------------------
-- Records of sys_post
-- ----------------------------
INSERT INTO `sys_post` VALUES (1, 'admin', '', 1, '0', 'admin', '2018-03-16 11:33:00', 'admin', '2018-12-19 16:18:14', '');
INSERT INTO `sys_post` VALUES (2, 'common_user', '', 2, '0', 'admin', '2018-03-16 11:33:00', 'admin', '2018-12-19 16:54:58', '');
INSERT INTO `sys_post` VALUES (9, 'dept_user', '', 3, '0', 'admin', '2018-12-19 16:55:45', '', NULL, '');

-- ----------------------------
-- Table structure for sys_role
-- ----------------------------
DROP TABLE IF EXISTS `sys_role`;
CREATE TABLE `sys_role`  (
  `role_id` int(11) NOT NULL AUTO_INCREMENT COMMENT 'ID',
  `role_name` varchar(30) CHARACTER SET utf8 COLLATE utf8_general_ci NOT NULL COMMENT '',
  `role_key` varchar(100) CHARACTER SET utf8 COLLATE utf8_general_ci NOT NULL COMMENT '',
  `role_sort` int(4) NOT NULL COMMENT '',
  `data_scope` char(1) CHARACTER SET utf8 COLLATE utf8_general_ci NULL DEFAULT '1' COMMENT '1 2',
  `status` char(1) CHARACTER SET utf8 COLLATE utf8_general_ci NOT NULL COMMENT '0 1',
  `del_flag` char(1) CHARACTER SET utf8 COLLATE utf8_general_ci NULL DEFAULT '0' COMMENT '0 2',
  `create_by` varchar(64) CHARACTER SET utf8 COLLATE utf8_general_ci NULL DEFAULT '' COMMENT '',
  `create_time` datetime(0) NULL DEFAULT NULL COMMENT '',
  `update_by` varchar(64) CHARACTER SET utf8 COLLATE utf8_general_ci NULL DEFAULT '' COMMENT '',
  `update_time` datetime(0) NULL DEFAULT NULL COMMENT '',
  `remark` varchar(500) CHARACTER SET utf8 COLLATE utf8_general_ci NULL DEFAULT '' COMMENT '',
  PRIMARY KEY (`role_id`) USING BTREE
) ENGINE = InnoDB AUTO_INCREMENT = 105 CHARACTER SET = utf8 COLLATE = utf8_general_ci COMMENT = '' ROW_FORMAT = Dynamic;

-- ----------------------------
-- Records of sys_role
-- ----------------------------
INSERT INTO `sys_role` VALUES (1, '', 'admin', 1, '1', '0', '0', 'admin', '2018-03-16 11:33:00', 'admin', '2019-03-18 10:35:42', '');

-- ----------------------------
-- Table structure for sys_role_dept
-- ----------------------------
DROP TABLE IF EXISTS `sys_role_dept`;
CREATE TABLE `sys_role_dept`  (
  `role_id` int(11) NOT NULL COMMENT 'ID',
  `dept_id` int(11) NOT NULL COMMENT 'ID',
  PRIMARY KEY (`role_id`, `dept_id`) USING BTREE
) ENGINE = InnoDB CHARACTER SET = utf8 COLLATE = utf8_general_ci COMMENT = '' ROW_FORMAT = Dynamic;

-- ----------------------------
-- Table structure for sys_role_menu
-- ----------------------------
DROP TABLE IF EXISTS `sys_role_menu`;
CREATE TABLE `sys_role_menu`  (
  `role_id` int(11) NOT NULL COMMENT 'ID',
  `menu_id` int(11) NOT NULL COMMENT 'ID',
  PRIMARY KEY (`role_id`, `menu_id`) USING BTREE
) ENGINE = InnoDB CHARACTER SET = utf8 COLLATE = utf8_general_ci COMMENT = '' ROW_FORMAT = Dynamic;

-- ----------------------------
-- Table structure for sys_user
-- ----------------------------
DROP TABLE IF EXISTS `sys_user`;
CREATE TABLE `sys_user`  (
  `user_id` int(11) NOT NULL AUTO_INCREMENT COMMENT 'ID',
  `dept_id` int(11) NULL DEFAULT NULL COMMENT 'ID',
  `login_name` varchar(30) CHARACTER SET utf8 COLLATE utf8_general_ci NOT NULL COMMENT '',
  `user_name` varchar(30) CHARACTER SET utf8 COLLATE utf8_general_ci NOT NULL COMMENT '',
  `user_type` varchar(2) CHARACTER SET utf8 COLLATE utf8_general_ci NULL DEFAULT '00' COMMENT '00',
  `email` varchar(50) CHARACTER SET utf8 COLLATE utf8_general_ci NULL DEFAULT '' COMMENT '',
  `phonenumber` varchar(11) CHARACTER SET utf8 COLLATE utf8_general_ci NULL DEFAULT '' COMMENT '',
  `sex` char(1) CHARACTER SET utf8 COLLATE utf8_general_ci NULL DEFAULT '0' COMMENT '0 1 2',
  `avatar` varchar(100) CHARACTER SET utf8 COLLATE utf8_general_ci NULL DEFAULT '' COMMENT '',
  `password` varchar(50) CHARACTER SET utf8 COLLATE utf8_general_ci NULL DEFAULT '' COMMENT '',
  `salt` varchar(20) CHARACTER SET utf8 COLLATE utf8_general_ci NULL DEFAULT '' COMMENT '',
  `status` char(1) CHARACTER SET utf8 COLLATE utf8_general_ci NULL DEFAULT '0' COMMENT '0 1',
  `del_flag` char(1) CHARACTER SET utf8 COLLATE utf8_general_ci NULL DEFAULT '0' COMMENT '0 2',
  `login_ip` varchar(50) CHARACTER SET utf8 COLLATE utf8_general_ci NULL DEFAULT '' COMMENT 'IP',
  `login_date` datetime(0) NULL DEFAULT NULL COMMENT '',
  `create_by` varchar(64) CHARACTER SET utf8 COLLATE utf8_general_ci NULL DEFAULT '' COMMENT '',
  `create_time` datetime(0) NULL DEFAULT NULL COMMENT '',
  `update_by` varchar(64) CHARACTER SET utf8 COLLATE utf8_general_ci NULL DEFAULT '' COMMENT '',
  `update_time` datetime(0) NULL DEFAULT NULL COMMENT '',
  `remark` varchar(500) CHARACTER SET utf8 COLLATE utf8_general_ci NULL DEFAULT '' COMMENT '',
  PRIMARY KEY (`user_id`) USING BTREE
) ENGINE = InnoDB AUTO_INCREMENT = 119 CHARACTER SET = utf8 COLLATE = utf8_general_ci COMMENT = '' ROW_FORMAT = Dynamic;

-- ----------------------------
-- Records of sys_user
-- ----------------------------
INSERT INTO `sys_user` VALUES (1, 103, 'admin', '', '00', 'admin@163.com', '15888888888', '1', '', '29c67a30398638269fe600f73a054934', '111111', '0', '0', '127.0.0.1', '2019-08-06 16:40:34', 'admin', '2018-03-16 11:33:00', 'admin', '2019-08-06 16:40:34', '');

-- ----------------------------
-- Table structure for sys_user_online
-- ----------------------------
DROP TABLE IF EXISTS `sys_user_online`;
CREATE TABLE `sys_user_online`  (
  `sessionId` varchar(50) CHARACTER SET utf8 COLLATE utf8_general_ci NOT NULL DEFAULT '' COMMENT 'id',
  `login_name` varchar(50) CHARACTER SET utf8 COLLATE utf8_general_ci NULL DEFAULT '' COMMENT '',
  `dept_name` varchar(50) CHARACTER SET utf8 COLLATE utf8_general_ci NULL DEFAULT '' COMMENT '',
  `ipaddr` varchar(50) CHARACTER SET utf8 COLLATE utf8_general_ci NULL DEFAULT '' COMMENT 'IP',
  `login_location` varchar(255) CHARACTER SET utf8 COLLATE utf8_general_ci NULL DEFAULT '' COMMENT '',
  `browser` varchar(50) CHARACTER SET utf8 COLLATE utf8_general_ci NULL DEFAULT '' COMMENT '',
  `os` varchar(50) CHARACTER SET utf8 COLLATE utf8_general_ci NULL DEFAULT '' COMMENT '',
  `status` varchar(10) CHARACTER SET utf8 COLLATE utf8_general_ci NULL DEFAULT '' COMMENT 'on_lineoff_line',
  `start_timestamp` datetime(0) NULL DEFAULT NULL COMMENT 'session',
  `last_access_time` datetime(0) NULL DEFAULT NULL COMMENT 'session',
  `expire_time` int(5) NULL DEFAULT 0 COMMENT '',
  PRIMARY KEY (`sessionId`) USING BTREE
) ENGINE = InnoDB CHARACTER SET = utf8 COLLATE = utf8_general_ci COMMENT = '' ROW_FORMAT = Dynamic;

-- ----------------------------
-- Records of sys_user_online
-- ----------------------------
INSERT INTO `sys_user_online` VALUES ('934eecb2-f163-4888-b80d-cb8fa0154284', 'admin', '', '127.0.0.1', 'IP', 'Chrome', 'Windows 10', 'on_line', '2019-08-06 16:40:26', '2019-08-06 16:40:34', 7200000);

-- ----------------------------
-- Table structure for sys_user_post
-- ----------------------------
DROP TABLE IF EXISTS `sys_user_post`;
CREATE TABLE `sys_user_post`  (
  `user_id` int(11) NOT NULL COMMENT 'ID',
  `post_id` int(11) NOT NULL COMMENT 'ID',
  PRIMARY KEY (`user_id`, `post_id`) USING BTREE
) ENGINE = InnoDB CHARACTER SET = utf8 COLLATE = utf8_general_ci COMMENT = '' ROW_FORMAT = Dynamic;

-- ----------------------------
-- Records of sys_user_post
-- ----------------------------
INSERT INTO `sys_user_post` VALUES (1, 1);
INSERT INTO `sys_user_post` VALUES (2, 2);
INSERT INTO `sys_user_post` VALUES (100, 9);
INSERT INTO `sys_user_post` VALUES (101, 2);
INSERT INTO `sys_user_post` VALUES (103, 2);
INSERT INTO `sys_user_post` VALUES (104, 2);
INSERT INTO `sys_user_post` VALUES (105, 2);
INSERT INTO `sys_user_post` VALUES (106, 2);
INSERT INTO `sys_user_post` VALUES (107, 2);
INSERT INTO `sys_user_post` VALUES (108, 2);
INSERT INTO `sys_user_post` VALUES (109, 9);
INSERT INTO `sys_user_post` VALUES (110, 2);
INSERT INTO `sys_user_post` VALUES (111, 2);
INSERT INTO `sys_user_post` VALUES (112, 2);
INSERT INTO `sys_user_post` VALUES (113, 2);
INSERT INTO `sys_user_post` VALUES (114, 2);
INSERT INTO `sys_user_post` VALUES (115, 2);
INSERT INTO `sys_user_post` VALUES (116, 2);

-- ----------------------------
-- Table structure for sys_user_role
-- ----------------------------
DROP TABLE IF EXISTS `sys_user_role`;
CREATE TABLE `sys_user_role`  (
  `user_id` int(11) NOT NULL COMMENT 'ID',
  `role_id` int(11) NOT NULL COMMENT 'ID',
  PRIMARY KEY (`user_id`, `role_id`) USING BTREE
) ENGINE = InnoDB CHARACTER SET = utf8 COLLATE = utf8_general_ci COMMENT = '' ROW_FORMAT = Dynamic;

-- ----------------------------
-- Records of sys_user_role
-- ----------------------------
INSERT INTO `sys_user_role` VALUES (1, 1);
INSERT INTO `sys_user_role` VALUES (2, 2);
INSERT INTO `sys_user_role` VALUES (100, 103);
INSERT INTO `sys_user_role` VALUES (101, 2);
INSERT INTO `sys_user_role` VALUES (102, 100);
INSERT INTO `sys_user_role` VALUES (103, 101);
INSERT INTO `sys_user_role` VALUES (104, 101);
INSERT INTO `sys_user_role` VALUES (104, 102);
INSERT INTO `sys_user_role` VALUES (105, 101);
INSERT INTO `sys_user_role` VALUES (105, 102);
INSERT INTO `sys_user_role` VALUES (106, 101);
INSERT INTO `sys_user_role` VALUES (106, 102);
INSERT INTO `sys_user_role` VALUES (107, 101);
INSERT INTO `sys_user_role` VALUES (107, 102);
INSERT INTO `sys_user_role` VALUES (108, 101);
INSERT INTO `sys_user_role` VALUES (108, 102);
INSERT INTO `sys_user_role` VALUES (109, 104);
INSERT INTO `sys_user_role` VALUES (110, 104);
INSERT INTO `sys_user_role` VALUES (111, 100);
INSERT INTO `sys_user_role` VALUES (112, 100);
INSERT INTO `sys_user_role` VALUES (113, 104);
INSERT INTO `sys_user_role` VALUES (114, 101);
INSERT INTO `sys_user_role` VALUES (115, 102);
INSERT INTO `sys_user_role` VALUES (116, 101);
INSERT INTO `sys_user_role` VALUES (117, 101);
INSERT INTO `sys_user_role` VALUES (118, 104);

SET FOREIGN_KEY_CHECKS = 1;
